-- MySQL dump 10.13  Distrib 5.7.9, for Win32 (AMD64)
--
-- Host: localhost    Database: library
-- ------------------------------------------------------
-- Server version	5.7.31-log

/*!40101 SET @OLD_CHARACTER_SET_CLIENT=@@CHARACTER_SET_CLIENT */;
/*!40101 SET @OLD_CHARACTER_SET_RESULTS=@@CHARACTER_SET_RESULTS */;
/*!40101 SET @OLD_COLLATION_CONNECTION=@@COLLATION_CONNECTION */;
/*!40101 SET NAMES utf8 */;
/*!40103 SET @OLD_TIME_ZONE=@@TIME_ZONE */;
/*!40103 SET TIME_ZONE='+00:00' */;
/*!40014 SET @OLD_UNIQUE_CHECKS=@@UNIQUE_CHECKS, UNIQUE_CHECKS=0 */;
/*!40014 SET @OLD_FOREIGN_KEY_CHECKS=@@FOREIGN_KEY_CHECKS, FOREIGN_KEY_CHECKS=0 */;
/*!40101 SET @OLD_SQL_MODE=@@SQL_MODE, SQL_MODE='NO_AUTO_VALUE_ON_ZERO' */;
/*!40111 SET @OLD_SQL_NOTES=@@SQL_NOTES, SQL_NOTES=0 */;

--
-- Table structure for table `lib_book`
--

DROP TABLE IF EXISTS `lib_book`;
/*!40101 SET @saved_cs_client     = @@character_set_client */;
/*!40101 SET character_set_client = utf8 */;
CREATE TABLE `lib_book` (
  `id` int(11) NOT NULL AUTO_INCREMENT,
  `book_name` varchar(128) NOT NULL DEFAULT '',
  `country_id` int(11) NOT NULL,
  `theme_id` int(11) NOT NULL,
  `type_id` int(11) NOT NULL,
  `space` varchar(128) NOT NULL DEFAULT '',
  `book_count` int(11) NOT NULL DEFAULT '0',
  `info` varchar(512) NOT NULL DEFAULT '',
  `create_date` timestamp NOT NULL DEFAULT CURRENT_TIMESTAMP,
  `author` varchar(64) NOT NULL DEFAULT '鲁迅',
  PRIMARY KEY (`id`),
  KEY `country_id` (`country_id`),
  KEY `theme_id` (`theme_id`),
  KEY `type_id` (`type_id`),
  CONSTRAINT `lib_book_ibfk_1` FOREIGN KEY (`country_id`) REFERENCES `lib_country` (`id`),
  CONSTRAINT `lib_book_ibfk_2` FOREIGN KEY (`theme_id`) REFERENCES `lib_theme` (`id`),
  CONSTRAINT `lib_book_ibfk_3` FOREIGN KEY (`type_id`) REFERENCES `lib_type` (`id`)
) ENGINE=InnoDB AUTO_INCREMENT=770 DEFAULT CHARSET=utf8mb4;
/*!40101 SET character_set_client = @saved_cs_client */;

--
-- Dumping data for table `lib_book`
--

LOCK TABLES `lib_book` WRITE;
/*!40000 ALTER TABLE `lib_book` DISABLE KEYS */;
INSERT INTO `lib_book` VALUES (518,'平凡的世界',1,111,111,'长篇',0,'《平凡的世界》是中国作家路遥创作的一部全景式地表现中国当代城乡社会生活的百万字长篇小说。全书共三部。1986年12月首次出版。\n该书以中国70年代中期到80年代中期十年间为背景，通过复杂的矛盾纠葛，以孙少安和孙少平两兄弟为中心，刻画了当时社会各阶层众多普通人的形象；劳动与爱情、挫折与追求、痛苦与欢乐、日常生活与巨大社会冲突纷繁地交织在一起，深刻地展示了普通人在大时代历史进程中所走过的艰难曲折的道路。','2020-11-24 03:16:01','路遥'),(520,'呐喊',1,113,113,'短篇',4,'《呐喊》，是鲁迅的短篇小说集，作品真实地描绘了从辛亥革命到五四时期的社会生活，揭示了种种深层次的社会矛盾，对中国旧有制度及陈腐的传统观念进行了深刻的剖析和比较彻底的否定。1923年8月3日，鲁迅出版小说集《呐喊》。','2020-11-24 03:16:01','鲁迅'),(521,'亮剑',1,114,114,'中篇',5,'都梁的代表作《亮剑》是一部战争艺术和传奇色彩融会贯通的经典主旋律作品。爱国精神与英雄主义、铁血丹心与人世常情、斗智与斗勇、友情与爱情交相辉映是本书的特色。《亮剑》因改编成同名热播剧而声名大噪。','2020-11-24 03:16:01','李海鹰'),(523,'雷雨',1,116,116,'短篇',5,'《雷雨》原作者曹禺，该剧完全运用了三一律的戏剧结构，描写了两个家庭中的八个人物在短短一天之内发生的故事，却牵扯了周鲁两家几十年的恩恩怨 怨。本剧情节扣人心弦，语言简练含蓄，人物各具性格特点，潜台词极为丰富。《雷雨》是戏剧家曹禺的第一部作品，也是中国现代话剧成熟的标志。','2020-11-24 03:16:01','曹禺'),(524,'德伯家的苔丝',118,117,113,'短篇',5,'《德伯家的苔丝》是哈代的代表作，它描写了一位农村姑娘的悲惨命运。哈代在小说的副标题中称女主人公为“一个纯洁的女人”，公开地向维多利亚时代虚伪的社 会道德挑战。《德伯家的苔丝》这部作品不仅在作者本国，而且在世界范围，久为广大读者所喜爱，为专业研究人士所瞩目，为电影、戏剧界的艺术家们所礼遇。','2020-11-24 03:16:01','哈代'),(525,'九三年',119,113,113,'长篇',5,'《九三年》是法国著名小说家雨果的最后一部长篇小说。 雨果在小说中塑造了旺代叛军首领朗德纳克侯爵及其侄孙、镇压叛乱的共和军司令郭文，以及郭文的家庭教师、公安委员会特派员西穆尔登这三个中心人物，围绕他们展开了错综复杂的情节，描绘了资产阶级和封建势力在一七九三年进行殊死搏斗的历史场面。小说结尾：朗德纳克因良心发现，返回大火焚烧中的城堡救出三个孩子，郭文为叔祖的人道精神所感动，情愿用自己的头颅换取朗德纳克的生命，西穆尔登丹则在郭文人头落地的同时开枪自杀。','2020-11-24 03:16:01','雨果'),(526,'梁书',1,119,119,'中篇',5,'《梁书》，记述南朝萧梁一代历史的纪传体史书。唐姚思廉撰，含本纪六卷，列传五十卷，共五十六卷。贞观初，姚思廉任着作郎、弘文馆学士。后官至散骑常侍。三年(629)，奉诏撰梁、陈二史，贞观十年撰成《梁书》。《宋书》未立文学传。《南齐书》和《陈书》各有文学一卷，而《梁书》文学传两卷，共收二十五人，反映了梁代文学的兴盛。','2020-11-24 03:16:01','姚思廉'),(527,'天才',121,113,120,'中篇',5,'《天才》是美国自然主义文学大师西奥多·德莱塞最满意的作品。\n本书主人公尤金，是一位正直、诚实的小镇青年。他聪明、刻苦、热爱艺术，喜爱大自然。他极富幻想，不安于现状。于是他来到大都市寻求发展，一心要实现自己的梦想。从芝加哥到纽约，从成名为商界巨子又沦落到声名狼藉，荀且偷生。故事情节十分曲折，充满了戏剧性的人生变化。','2020-11-24 03:16:01','德莱塞'),(528,'不成问题的问题',1,113,113,'短篇',5,'《不成问题的问题》是老舍先生发表于1943年的短篇小说。讲述的是中国抗日战争时期大后方的树华农场在主任丁务源的管理下走向衰败的故事。','2020-11-24 03:16:01','老舍'),(529,'魔山',6,113,120,'中篇',5,'《魔山》是诺贝尔文学奖获得者托马斯·曼的代表作。小说以一个疗养院为中心，描写了欧洲许多封建贵族，其中有普鲁士军官、俄国贵妇人、荷兰殖民者、天主教徒……他们都是社会的寄生虫。整个疗养院弥漫着病态的、垂死的气氛。作品通过人物之间的思想冲突，揭示出颓废主义和法西斯主义的血缘关系','2020-11-24 03:16:01','托马斯·曼'),(530,'树上的男爵',124,113,113,'长篇',5,'《树上的男爵》是意大利文学家伊塔洛·卡尔维诺的一篇长篇小说，是《我们的祖先》三部曲之一。小说以传统叙事手法隐喻了现代社会里人的迷失自我、完整性丧失以及焦虑迷茫的生存状态，展现了现代社会中处于生存困境下的人类个体追求自我存在空间和价值的历程。同时在时间轴上，体现了通过对个人自我抉择矢志不移的努力从而达到非个人主义完整道路的主题。小说思维活跃、思想深刻，深刻的刻画了现实的种种弊端，启迪人们对人类的命运和现实社会予以深入思考。','2020-11-24 03:16:01','西奥多·德莱塞'),(531,'美国的悲剧',121,113,120,'中篇',5,'西奥多德莱塞（1871-1945）是美国现代小说的先驱和代表作家,被认为是同海明威、福克纳并列的美国现代小说的三巨头之一。《美国的悲剧》是西奥多·德莱塞最为重要的作品。这部小说共分三卷。故事以一个普通美国青年克莱德·格里菲斯短促的一生为线索，将美国现代社会生活的众多画面交织进去。著名奥斯卡得奖电影\"A Place in the Sun\" (1951)就是根据这部小说改编的。\n在艺术上，德莱塞成功的将弗洛伊德学说运用在小说中，对主人公的性意识、下意识、幻觉、梦境等恰当的表现出来，以此展示克莱德成为美国资本垄断社会人生哲学俘虏的过程。','2020-11-24 03:16:01','西奥多·德莱塞'),(532,'怨女',1,113,120,'短篇',5,'《怨女》作者张爱玲，被誉为“文坛最美的收获之一”。这部作品是在小说《金锁记》原有情节人物的基础上的改编。更换了一些人物的姓名，比较详细的交待了女主角出嫁前的情况，扩充了女主角与小叔的故事、女主角儿子的故事，删去她女儿的故事，其他的框架基本没有改变。','2020-11-24 03:16:01','张爱玲'),(533,'人间失格',127,113,120,'短篇',5,'《人间失格》（又名《丧失为人的资格》）日本著名小说家太宰治最具影响力的小说作品，发表于1948年，是一部自传体的小说。纤细的自传体中透露出极致的颓废，毁灭式的绝笔之作。太宰治巧妙地将自己的人生与思想，隐藏于主角叶藏的人生遭遇，藉由叶藏的独白，窥探太宰治的内心世界——“充满了可耻的一生”。在发表该作品的同年，太宰治自杀身亡。','2020-11-24 03:16:01','太宰治'),(534,'飘',121,113,120,'中篇',5,'《飘》是美国女作家玛格丽特·米切尔（1900—1949）十年磨一剑的作品，也是惟一的作品。小说以亚特兰大以及附近的一个种植园为故事场景，描绘了内战前后美国南方人的生活。作品刻画了那个时代的许多南方人的形象，占中心位置的斯佳丽、瑞德、艾希礼、梅勒妮等人是其中的典型代表。他们的习俗礼仪、言行举止、精神观念、政治态度，通过对斯佳丽与白瑞德的爱情纠缠为主线，成功地再现了林肯领导的南北战争，美国南方地区的社会生活','2020-11-24 03:16:01','玛格丽特·米切尔'),(535,'追风筝的人',129,113,120,'短篇',5,'《追风筝的人》是阿富汗斯坦作家卡勒德·胡赛尼（Khaled Hosseini）的第一部小说，于2003年出版，是美国2005年的排名第三的最畅销书。\n全书围绕风筝与阿富汗两个少年之间展开，一个富家少年与家中仆人关于风筝的故事，关于人性的背叛与救赎','2020-11-24 03:16:01','卡勒德·胡赛尼'),(536,'秧歌',1,113,120,'长篇',5,'1952年张爱玲离开上海重返香港，投入美国驻港新闻处，《秧歌》正是她写的第一个长篇。《秧歌》有一段与内容天关的“妙论”，此“妙论”出现在其前夫胡兰成于1958年在日本写的《今生今世》一书中。从时序上说，似乎胡兰成抄袭了《秧歌》，实则是《秧歌》保留的胡兰成的汉奸阴影','2020-11-24 03:16:01','张爱玲'),(537,'牧羊少年奇幻之旅',131,130,120,'长篇',5,'《牧羊少年奇幻之旅》是巴西著名作家保罗·柯艾略的经典寓言式小说。小说运用富含哲理和诗意的语言讲述了牧羊少年圣地亚哥追寻宝藏的奇幻冒险故事，极具启发性和励志意义。\n小说自1988年出版后，便风靡全球，畅销160多个国家，登上20多个国家畅销榜第1名，荣获33项国际大奖，已经被翻译成68种语言，是当今在世作家作品中被翻译最多的小说。全球销量超过6500万册，是历史上最畅销的葡萄牙语小说。这部小说被誉为20世纪最重要的文学现象之一。','2020-11-24 03:16:01','保罗·柯艾略'),(538,'我们仨',1,113,120,'长篇',5,'钱氏夫妇在学界德高望重，《围城》、《洗澡》两部畅销书更令他们声名远播。然而，人们对其家庭生活却不甚了解。1998年，钱先生的逝世使文化界深感悲痛。但罕为人知的是他和杨女士唯一的女儿钱瑗已于此前（1997年）先他们而去。一生的伴侣、唯一的女儿相继离去，杨女士晚年之情景非常人所能体味。在人生的伴侣离去四年后，92岁高龄的杨女士用心记述了他们这个特殊家庭63年的风风雨雨、点点滴滴，结成回忆录《我们仨》。本书分为两部分。第一部分中，杨女士以其一贯的慧心、独特的笔法，用梦境的形式讲述了最后几年中一家三口相依为命的情感体验。第二部分，以平实感人的文字记录了自1935年伉俪二人赴英国留学，并在牛津喜得爱女，直至1998年钱先生逝世63年间这个家庭鲜为人知的坎坷历程。他们的足迹跨过半个地球，穿越风云多变的半个世纪：战火、疾病、政治风暴，生离死别……','2020-11-24 03:16:01','钱氏夫妇'),(539,'红楼梦魇',1,132,113,'长篇',5,'《红楼梦魇》是张爱玲旅居美国研究《红楼梦》十年的心血结晶，亦是一部学术考据之作。\n像张爱玲这样一位作家，用十年时间，对《红楼梦》作如此近乎繁琐的考据，似乎真是“梦魇”一般奇特。\n不过，喜爱张氏作品的人都知道，她实在与这部中国有史以来最伟大的小说有太深太深的关系，她从小就爱读《红楼梦》，以后每隔几年又重读一次，对，红楼梦》真到“熟读”的程度，“不同的本子不用留神看，稍微眼生点的字自会蹦出来。”\n她少年时代就模仿《红楼梦》写过作品，以后她的写作品如《金锁记》等，意境、手法、语言，都得《红楼梦》之真传。\n难怪她醉心于《红楼梦》世界的一切，甚至是：“偶偶指逆，事无大小，只要‘详’一会儿，红楼梦》就好了。”《红楼梦》已经这样融入她的生命和生活之中。真是要了解张爱玲，不可不了解这一点。','2020-11-24 03:16:01','张爱玲'),(540,'面纱',118,113,120,'短篇',5,'《面纱》是英国作家 W.萨默塞特·毛姆创作的一部女性精神觉醒经典之作，同时也是其最具争议的一部作品。《面纱》以其悲天悯人的情感关照，以其对道德冲突的敏感解析，以其对人性的尖锐反讽，以其对人类欲望、恐惧和悔恨等内在世界的准确建构，而成为一部艺术的杰作。\n《面纱》出版后两个月，正在热恋中的陆小曼就读了这部小说，在一九二五年六月二十八日的日记中，陆小曼写道：“因为没有气力所以耽在床上看完一本《The Painted Veil》，看得我心酸万分；虽然我知道我也许不会像书里的女人那样惨的。书中的主角为了爱，从千辛万苦中奋斗，才达到目的；可是欢聚了没有多少日子男的就死了，留下她孤零零的跟着老父苦度残年。摩！你想人间真有那么残忍的事么？我不知道为什么要为故人担忧，平空哭了半天，哭得我至今心里还是一阵阵的隐隐作痛呢！想起你更叫我发抖，但愿不幸的事不要寻到我们头上来……”\n  显然，陆小曼误读了《面纱》，却不幸而预示了她自己后来的命运','2020-11-24 03:16:01',' W.萨默塞特·毛姆'),(541,'白鲸',121,113,120,'长篇',5,'《白鲸》（Moby Dick）是19世纪美国最重要的小说家之一赫尔曼·梅尔维尔（Herman Melville 1819—1891）于1851年发表的一篇海洋题材的小说，小说描写了亚哈船长为了追逐并杀死白鲸（实为白色抹香鲸）莫比·迪克，最终与白鲸同归于尽的故事。故事营造了一种让人置身海上航行、随时遭遇各种危险甚至是死亡的氛围，是作者的代表作。1956年06月27日发行的电影《白鲸记》，就是改编自这篇小说。','2020-11-24 03:16:01','赫尔曼·梅尔维尔'),(542,'乌托邦',118,113,113,'中篇',5,'乌托邦（Utopia）本意为“没有的地方”或者“好地方”。延伸为还有理想，不可能完成的好事情，其中文翻译也可以理解为“乌”是没有，“托”是寄托，“邦”是国家，“乌托邦”三个字合起来的意思即为“空想的国家”。空想社会主义的创始人托马斯·莫尔在他的名著《乌托邦》中虚构了一个航海家航行到一个奇乡异国“乌托邦”的旅行见闻。在那里，财产是公有的，人民是平等的，实行着按需分配的原则，大家穿统一的工作服，在公共餐厅就餐，官吏由秘密投票产生。他认为，私有制是万恶之源，必须消灭它。','2020-11-24 03:16:01','托马斯·莫尔'),(543,'蝇王',118,113,120,'中篇',5,'威廉·戈尔丁（Willeam Gerald Golding）是一位英国小说家，诗人，1983年诺贝尔文学奖得主。他的小说富含寓意，广泛地融入了古典文学，神话，基督教文化以及象征主义。其代表 作《蝇王》（1954年）突出了他一直不停探讨的主题：人类天生的野蛮 与文明的理性的斗争。这部小说使他赢得了世界声誉。','2020-11-24 03:16:01','威廉·戈尔丁'),(544,'论人类不平等的起源',119,2,137,'短篇',5,'在这篇应第戎学院征文而作的论文中，卢俊一方面借助当时有关野蛮人的人类学资料，一方面展开辩证的想像，回顾了人类自然状态向社会状态过渡的历史进程，指南：人类的进步史也就是人类的堕落史：而私有制的确立，是造成人类不平等及其后果的关键环节。这篇论文可谓卢梭整个政治学说的导言。','2020-11-24 03:16:01','卢俊'),(545,'铁皮鼓',6,113,120,'中篇',5,'《铁皮鼓》是诺贝尔文学奖获得者君特·格拉斯的惊世之作，也是一部现代流浪汉的小说，以黑色幽默的虚构故事展示了德国那段最黑暗的历史，格拉斯的时事讽刺辛辣刁钻，让你 不由得想起诗人海涅。1980年，根据本书改编拍摄的同名电影被搬上银幕，并获奥斯卡最佳外语片奖。 1999年10月瑞士文学院在授予格拉斯诺贝尔文学奖时，称“《铁皮鼓》是二战之后世界文学最重要的作品之一”。','2020-11-24 03:16:01','君特·格拉斯'),(546,'威尼斯商人',118,113,116,'长篇',5,'《威尼斯商人》是莎士比亚早期的重要作品，是一部具有极大讽刺性的喜剧。大约作于1596-1597年。剧本的主题是歌颂仁爱、友谊和爱情，同时也反映了资本主义早期商业资产阶级与高利贷者之间的矛盾，表现了作者对资产阶级社会中金钱、法律和宗教等问题的人文主义思想。这部剧作的一个重要文学成就，就是塑造了夏洛克这一惟利是图、冷酷无情的高利贷者的典型形象。','2020-11-24 03:16:01','莎士比亚'),(547,'形而上学',141,140,140,'中篇',5,'《形而上学》是亚里士多德的哲学代表作。原是他在吕克昂学院讲课的讲稿、笔记或学生的记录，亚里士多德去世后，该学院的第11代继承人安德罗尼柯整理亚里士多德的旧稿与 讲义，编纂了当时所能收集到的全部遗稿，把研究自然界运动变化的著作编在一起，取名《物理学》或《自然哲学》，又把一些杂乱的讨论抽象问题的文章编在《物 理学》之后，取名《物理学以后诸篇》。中文译为《形而上学》。','2020-11-24 03:16:01','亚里士多德'),(548,'钦差大臣',113,113,120,'中篇',5,'俄国讽刺作家果戈里的代表作《钦差大臣》，于1836年发表，它改变了当时俄国剧坛上充斥着从法国移植而来的思想浅薄、手法庸俗的闹剧的局面。《钦差大 臣》描写纨绔子弟赫列斯达可夫与人打赌输得精光，正一筹莫展，从彼得堡途经外省某市，被误认为“钦差大臣”，在当地官僚中引起恐慌，闹出许多笑话。果戈理 用喜剧这面镜子照出了当时社会达官显贵们的丑恶原形，从而揭露了农奴制俄国社会的黑暗、腐朽和荒唐反动。','2020-11-24 03:16:01','果戈里'),(549,'罗密欧与朱丽叶',118,113,116,'中篇',5,'《罗密欧与朱丽叶》，英文原名为《The Most Excellent and Lamentable Tragedy of Romeo and Juliet》，简写为《Romeo and Juliet》，是英国剧作家莎士比亚著名的悲剧。\n      《罗密欧与朱丽叶》讲述一对仇视家族中的一男一女戏剧性的相识、相恋，后来遭遇很多打击的考验，没有破坏他们牢固的感情，但最后因为误会双双殉情。双方家族摒弃仇恨，讴歌了人类伟大的爱情以及诠释了世俗的残酷。\n      《罗密欧与朱丽叶》曾被多次改编成歌剧、交响曲、芭蕾舞剧、电影及电视作品。法国作曲家古诺曾将此剧谱写为歌剧，著名的音乐剧《西城故事》亦改编自本剧。 俄国作曲家柴可夫斯基谱有《罗密欧与茱丽叶幻想序曲》，作曲家普罗高菲夫则为该剧编写芭蕾舞乐曲，均获得大众的喜爱。而1996年电影版名为《罗密欧与茱 丽叶 后现代激情篇》由好莱坞艺人莱昂纳多·迪卡普里奥及克莱尔·黛恩斯主演，于1997年柏林影展获得多个奖项。','2020-11-24 03:16:01','莎士比亚'),(550,'白痴',113,113,120,'长篇',5,'《白痴》是陀思妥耶夫斯基重返文坛后的第三部长篇小说，写于一八六七年秋至一八六九年一月。它揭露了资本主义残暴不仁，显示出作者高度的艺术才华。陀思妥 耶夫斯基是俄国19世纪文坛上享有世界声誉的一位小说家，他的创作具有极其复杂、矛盾的性质。陀思妥耶夫斯基擅长心理剖析，尤其是揭示内心分裂。他对人类 肉体与精神痛苦的震撼人心的描写是其他作家难以企及的。他的小说戏剧性强，情节发展快，接踵而至的灾难性事件往往伴随着复杂激烈的心理斗争和痛苦的精神危 机。陀思妥耶夫斯基的善恶矛盾性格组合、深层心理活动描写都对后世作家产生了深刻影响。','2020-11-24 03:16:01','陀思妥耶夫斯基'),(551,'老人与海',121,113,120,'短篇',5,'《老人与海》是海明威的代表作，也是一部象征性的小说。主人公桑提亚哥是一位老渔夫，他经过重重艰险，捕获了“一条不止一千五百磅重的大马林鱼”，但这条大马林鱼却被鲨鱼吃光了，桑提亚哥只拖回了一副鱼的骨架。本作品被称为是影响历史的百部经典之一；美国历史上里程碑式的32本书之一 。是世界文学宝库中的珍品，也是海明威全部创作中的瑰宝。1953年5月4日，海明威以作品《老人与海》获普利策奖。','2020-11-24 03:16:01','海明威'),(552,'雪国',127,113,120,'中篇',5,'《雪国》是日本作家川端康成的第一部中篇小说。它也是作者在被授予诺贝尔文学奖时被评奖委员会提到的三部小说之一。另外两部是《古都》和《千羽鹤》。“穿过县境上长长的隧道，便是雪国。夜空下，大地一片莹白，火车在信号所前停下来。”在这里川端康成用几近吝啬的简洁文字，拉开了《雪国》的序幕。我们也仿佛像书中的主人公岛村，坐了一夜的火车，终于抵达了这个静寂寒冷、给人一种虚幻感觉的天地。《雪国》并没有曲折复杂的情节，也没有什么丰厚深刻的社会主题，故事写的是一位叫岛村的舞蹈艺术研究者，前后三次前往一个北国的山村，与当地一位叫驹子的艺妓及另一位萍水相逢的少女叶子之间的爱情纠葛。故事就是在这一出洁白雪国里不经意地发生、终结','2020-11-24 03:16:01','川端康成'),(553,'铁皮鼓',6,113,120,'短篇',5,'《铁皮鼓》是诺贝尔文学奖获得者君特·格拉斯的惊世之作，也是一部现代流浪汉的小说，以黑色幽默的虚构故事展示了德国那段最黑暗的历史，格拉斯的时事讽刺辛辣刁钻，让你 不由得想起诗人海涅。1980年，根据本书改编拍摄的同名电影被搬上银幕，并获奥斯卡最佳外语片奖。 1999年10月瑞士文学院在授予格拉斯诺贝尔文学奖时，称“《铁皮鼓》是二战之后世界文学最重要的作品之一”。','2020-11-24 03:16:01','君特·格拉斯'),(554,'青鸟',148,113,116,'短篇',5,'《青鸟》是“比利时的莎士比亚”莫里斯·梅特林克的最著名的代表作。《青鸟》 原是直到今天仍在舞台上演出的六幕梦幻剧。后经梅特林克同意，由其妻乔治特·莱勃伦克将该剧改写成童话故事，以便更适合小读者阅读。中篇童话《青鸟》于 1908年发表。作品讲述了两个伐木工人的孩子，代表人类寻找青鸟的过程。本书中，青鸟就是幸福的象征。通过他们一路上的经历，象征性地再现了迄今为止， 人类为了寻找幸福所经历过的全部苦难。','2020-11-24 03:16:01','莫里斯·梅特林克'),(555,'镜花缘',1,113,120,'长篇',5,'《镜花缘》是一部与《西游记》、《封神榜》、《聊斋志异》同辉璀璨、带有浓厚神话色彩、浪漫幻想迷离的中国古典长篇小说。作者清代著名小说家李汝珍以其神幻诙谐的创作手法数经据典，奇妙地勾画出一幅绚丽斑烂的天轮彩图。','2020-11-24 03:16:01','李汝珍'),(556,'富家子弟人上人',1,149,149,'短篇',4,'江门新会最有钱的人，新会第一陈皮批发商，名下资产500亿美元','2020-11-24 03:16:01','李贤劭'),(557,'活着11',1,111,113,'中篇',55,'作者余华111','2020-11-25 04:00:43','余华111'),(559,'11111',1,1,1,'短篇',11,'1111','2020-11-25 08:31:25','11111'),(561,'李白',119,113,113,'短篇',10,'哈哈哈哈','2020-11-25 09:07:52','李白'),(563,'啊哈哈哈',119,113,113,'短篇',0,'符合规范和返回房间有附件一股兼顾好感觉很酷很快hi客户库糊涂就应该添加一天过后就赶紧换个环境规划规划局规划局规划局规划','2020-11-25 09:26:33','嘻嘻嘻'),(566,'李达成as we can',1,1,1,'短篇',1,'11','2020-11-25 09:48:17','李达成'),(568,'兄弟',1,2,120,'长篇',10,'输入作者余华','2020-11-25 10:04:53','吴承恩'),(569,'水浒传',1,2,2,'长篇',8,'《水浒传》是元末明初施耐庵（现存刊本署名大多有施耐庵、罗贯中两人中的一人，或两人皆有）编著的章回体长篇小说。\n全书通过描写梁山好汉反抗欺压、水泊梁山壮大和受宋朝招安，以及受招安后为宋朝征战，最终消亡的宏大故事，艺术地反映了中国历史上宋江起义从发生、发展直至失败的全过程，深刻揭示了起义的社会根源，满腔热情地歌颂了起义英雄的反抗斗争和他们的社会理想，也具体揭示了起义失败的内在历史原因。\n《水浒传》是中国古典四大名著之一，问世后，在社会上产生了巨大的影响，成了后世中国小说创作的典范。《水浒传》是中国历史上最早用白话文写成的章回小说之一，流传极广，脍炙人口；同时也是汉语言文学中具备史诗特征的作品之一，对中国乃至东亚的叙事文学都有深远的影响','2020-11-25 10:04:53','施耐庵'),(570,'三国演义',1,2,2,'中篇',10,'《三国演义》（全名为《三国志通俗演义》，又称《三国志演义》）是元末明初小说家罗贯中创作的长篇章回体历史演义小说。该作品成书后有嘉靖壬午本等多个版本传于世，到了明末清初，毛宗岗对《三国演义》整顿回目、修正文辞、改换诗文。 [1] \n《三国演义》描写了从东汉末年到西晋初年之间近百年的历史风云，以描写战争为主，诉说了东汉末年的群雄割据混战和魏、蜀、吴三国之间的政治和军事斗争，最终司马炎一统三国，建立晋朝的故事。反映了三国时代各类社会斗争与矛盾的转化，并概括了这一时代的历史巨变，塑造了一群叱咤风云的三国英雄人物。\n全书可大致分为黄巾起义、董卓之乱、群雄逐鹿、三国鼎立、三国归晋五大部分。在广阔的历史舞台上，表现了一幕幕气势磅礴的战争场面。作者罗贯中将兵法三十六计融于字里行间，既有情节，也有兵法韬略。\n《三国演义》是中国文学史上第一部章回小说，是历史演义小说的开山之作，也是第一部文人长篇小说， [2]  中国古典四大名著之一','2020-11-25 10:04:53','罗贯中'),(571,'红楼梦',1,2,2,'中篇',5,'《红楼梦》，中国古代章回体长篇小说，中国古典四大名著之一，一般认为是清代作家曹雪芹所著。小说以贾、史、王、薛四大家族的兴衰为背景，以富贵公子贾宝玉为视角，以贾宝玉与林黛玉、薛宝钗的爱情婚姻悲剧为主线，描绘了一批举止见识出于须眉之上的闺阁佳人的人生百态，展现了真正的人性美和悲剧美，可以说是一部从各个角度展现女性美以及中国古代社会世态百相的史诗性著作。\n《红楼梦》版本有120回“程本”和80回“脂本”两大系统。程本为程伟元排印的印刷本，脂本为脂砚斋在不同时期抄评的早期手抄本。脂本是程本的底本。\n《红楼梦》是一部具有世界影响力的人情小说，举世公认的中国古典小说巅峰之作，中国封建社会的百科全书，传统文化的集大成者。小说以“大旨谈情，实录其事”自勉，只按自己的事体情理，按迹循踪，摆脱旧套，新鲜别致，取得了非凡的艺术成就。“真事隐去，假语村言”的特殊笔法更是令后世读者脑洞大开，揣测之说久而遂多。二十世纪以来，学术界因《红楼梦》异常出色的艺术成就和丰富深刻的思想底蕴而产生了以《红楼梦》为研究对象的专门学问——红学','2020-11-25 10:04:53','曹雪芹'),(572,'钢铁是怎样练成的',111,5,2,'长篇',12,'《钢铁是怎样炼成的》是前苏联作家尼古拉·奥斯特洛夫斯基所著的一部长篇小说，于1933年写成。\n小说通过记叙保尔·柯察金的成长道路告诉人们，一个人只有在革命的艰难困苦中战胜敌人也战胜自己，只有在把自己的追求和祖国、人民的利益联系在一起的时候，才会创造出奇迹，才会成长为钢铁战士。 [1] \n2020年4月，列入《教育部基础教育课程教材发展中心 中小学生阅读指导目录（2020年版）》初中段。','2020-11-25 10:04:53','尼古拉奥斯特洛夫斯基'),(573,'平凡的世界',1,111,111,'长篇',10,'《平凡的世界》是中国作家路遥创作的一部全景式地表现中国当代城乡社会生活的百万字长篇小说。全书共三部。1986年12月首次出版。\n该书以中国70年代中期到80年代中期十年间为背景，通过复杂的矛盾纠葛，以孙少安和孙少平两兄弟为中心，刻画了当时社会各阶层众多普通人的形象；劳动与爱情、挫折与追求、痛苦与欢乐、日常生活与巨大社会冲突纷繁地交织在一起，深刻地展示了普通人在大时代历史进程中所走过的艰难曲折的道路。','2020-11-25 10:04:53','路遥'),(574,'日瓦戈医生',113,2,2,'短篇',8,' 《日瓦戈医生》是一部知识分子的命运史，小说波及了1903年夏到40年代末近半个世纪的俄国历史上的重大事件，触及了道德、政治、哲学、美学、社会、宗 教等一系列问题，是二十世纪俄罗斯文学史上为数不多的具有广阔的历史容量、社会生活与精神生活容量的长篇作品。 帕斯捷尔纳克因 《日瓦戈医生》于1958年获诺贝尔文学奖','2020-11-25 10:04:53','鲍里斯·帕斯捷尔纳克'),(575,'呐喊',1,113,113,'短篇',13,'《呐喊》，是鲁迅的短篇小说集，作品真实地描绘了从辛亥革命到五四时期的社会生活，揭示了种种深层次的社会矛盾，对中国旧有制度及陈腐的传统观念进行了深刻的剖析和比较彻底的否定。1923年8月3日，鲁迅出版小说集《呐喊》。','2020-11-25 10:04:53','鲁迅'),(576,'亮剑',1,114,114,'中篇',7,'都梁的代表作《亮剑》是一部战争艺术和传奇色彩融会贯通的经典主旋律作品。爱国精神与英雄主义、铁血丹心与人世常情、斗智与斗勇、友情与爱情交相辉映是本书的特色。《亮剑》因改编成同名热播剧而声名大噪。','2020-11-25 10:04:53','李海鹰'),(577,'朝花夕拾',1,113,113,'长篇',12,'《朝花夕拾》是鲁迅先生的一本散文集，收入鲁迅先生1926年所作回忆散文共10篇。其中前五篇写于北京，后五篇写于厦门。最初陆续发表于《莽原》半月 刊，以《旧事重提》为总题。1927年7月，鲁迅添写《小引》和《后记》，将它们结集出版，改名为《朝花夕拾》。第一版由北京未名社1928年９月出版， 为鲁迅自己所编的《未名新集》之一。1932年9月改由上海北新书局重排出版。《朝花夕拾》中的散文都是鲁迅回忆往事的作品，从中可以看出鲁迅的成长道 路。它们文笔优美，感情深沉，都是散文中的佳品。','2020-11-25 10:04:53','鲁迅'),(578,'雷雨',1,116,116,'短篇',8,'《雷雨》原作者曹禺，该剧完全运用了三一律的戏剧结构，描写了两个家庭中的八个人物在短短一天之内发生的故事，却牵扯了周鲁两家几十年的恩恩怨 怨。本剧情节扣人心弦，语言简练含蓄，人物各具性格特点，潜台词极为丰富。《雷雨》是戏剧家曹禺的第一部作品，也是中国现代话剧成熟的标志。','2020-11-25 10:04:53','曹禺'),(579,'德伯家的苔丝',118,117,113,'短篇',6,'《德伯家的苔丝》是哈代的代表作，它描写了一位农村姑娘的悲惨命运。哈代在小说的副标题中称女主人公为“一个纯洁的女人”，公开地向维多利亚时代虚伪的社 会道德挑战。《德伯家的苔丝》这部作品不仅在作者本国，而且在世界范围，久为广大读者所喜爱，为专业研究人士所瞩目，为电影、戏剧界的艺术家们所礼遇。','2020-11-25 10:04:53','哈代'),(580,'九三年',119,113,113,'长篇',15,'《九三年》是法国著名小说家雨果的最后一部长篇小说。 雨果在小说中塑造了旺代叛军首领朗德纳克侯爵及其侄孙、镇压叛乱的共和军司令郭文，以及郭文的家庭教师、公安委员会特派员西穆尔登这三个中心人物，围绕他们展开了错综复杂的情节，描绘了资产阶级和封建势力在一七九三年进行殊死搏斗的历史场面。小说结尾：朗德纳克因良心发现，返回大火焚烧中的城堡救出三个孩子，郭文为叔祖的人道精神所感动，情愿用自己的头颅换取朗德纳克的生命，西穆尔登丹则在郭文人头落地的同时开枪自杀。','2020-11-25 10:04:53','雨果'),(581,'梁书',1,119,119,'中篇',12,'《梁书》，记述南朝萧梁一代历史的纪传体史书。唐姚思廉撰，含本纪六卷，列传五十卷，共五十六卷。贞观初，姚思廉任着作郎、弘文馆学士。后官至散骑常侍。三年(629)，奉诏撰梁、陈二史，贞观十年撰成《梁书》。《宋书》未立文学传。《南齐书》和《陈书》各有文学一卷，而《梁书》文学传两卷，共收二十五人，反映了梁代文学的兴盛。','2020-11-25 10:04:53','姚思廉'),(582,'天才',121,113,120,'中篇',18,'《天才》是美国自然主义文学大师西奥多·德莱塞最满意的作品。\n本书主人公尤金，是一位正直、诚实的小镇青年。他聪明、刻苦、热爱艺术，喜爱大自然。他极富幻想，不安于现状。于是他来到大都市寻求发展，一心要实现自己的梦想。从芝加哥到纽约，从成名为商界巨子又沦落到声名狼藉，荀且偷生。故事情节十分曲折，充满了戏剧性的人生变化。','2020-11-25 10:04:53','德莱塞'),(583,'不成问题的问题',1,113,113,'短篇',6,'《不成问题的问题》是老舍先生发表于1943年的短篇小说。讲述的是中国抗日战争时期大后方的树华农场在主任丁务源的管理下走向衰败的故事。','2020-11-25 10:04:53','老舍'),(584,'魔山',6,113,120,'中篇',9,'《魔山》是诺贝尔文学奖获得者托马斯·曼的代表作。小说以一个疗养院为中心，描写了欧洲许多封建贵族，其中有普鲁士军官、俄国贵妇人、荷兰殖民者、天主教徒……他们都是社会的寄生虫。整个疗养院弥漫着病态的、垂死的气氛。作品通过人物之间的思想冲突，揭示出颓废主义和法西斯主义的血缘关系','2020-11-25 10:04:53','托马斯·曼'),(585,'树上的男爵',124,113,113,'长篇',19,'《树上的男爵》是意大利文学家伊塔洛·卡尔维诺的一篇长篇小说，是《我们的祖先》三部曲之一。小说以传统叙事手法隐喻了现代社会里人的迷失自我、完整性丧失以及焦虑迷茫的生存状态，展现了现代社会中处于生存困境下的人类个体追求自我存在空间和价值的历程。同时在时间轴上，体现了通过对个人自我抉择矢志不移的努力从而达到非个人主义完整道路的主题。小说思维活跃、思想深刻，深刻的刻画了现实的种种弊端，启迪人们对人类的命运和现实社会予以深入思考。','2020-11-25 10:04:53','西奥多·德莱塞'),(586,'美国的悲剧',121,113,120,'中篇',20,'西奥多德莱塞（1871-1945）是美国现代小说的先驱和代表作家,被认为是同海明威、福克纳并列的美国现代小说的三巨头之一。《美国的悲剧》是西奥多·德莱塞最为重要的作品。这部小说共分三卷。故事以一个普通美国青年克莱德·格里菲斯短促的一生为线索，将美国现代社会生活的众多画面交织进去。著名奥斯卡得奖电影\"A Place in the Sun\" (1951)就是根据这部小说改编的。\n在艺术上，德莱塞成功的将弗洛伊德学说运用在小说中，对主人公的性意识、下意识、幻觉、梦境等恰当的表现出来，以此展示克莱德成为美国资本垄断社会人生哲学俘虏的过程。','2020-11-25 10:04:53','西奥多·德莱塞'),(587,'怨女',1,113,120,'短篇',21,'《怨女》作者张爱玲，被誉为“文坛最美的收获之一”。这部作品是在小说《金锁记》原有情节人物的基础上的改编。更换了一些人物的姓名，比较详细的交待了女主角出嫁前的情况，扩充了女主角与小叔的故事、女主角儿子的故事，删去她女儿的故事，其他的框架基本没有改变。','2020-11-25 10:04:53','张爱玲'),(588,'人间失格',127,113,120,'短篇',17,'《人间失格》（又名《丧失为人的资格》）日本著名小说家太宰治最具影响力的小说作品，发表于1948年，是一部自传体的小说。纤细的自传体中透露出极致的颓废，毁灭式的绝笔之作。太宰治巧妙地将自己的人生与思想，隐藏于主角叶藏的人生遭遇，藉由叶藏的独白，窥探太宰治的内心世界——“充满了可耻的一生”。在发表该作品的同年，太宰治自杀身亡。','2020-11-25 10:04:53','太宰治'),(589,'飘',121,113,120,'中篇',12,'《飘》是美国女作家玛格丽特·米切尔（1900—1949）十年磨一剑的作品，也是惟一的作品。小说以亚特兰大以及附近的一个种植园为故事场景，描绘了内战前后美国南方人的生活。作品刻画了那个时代的许多南方人的形象，占中心位置的斯佳丽、瑞德、艾希礼、梅勒妮等人是其中的典型代表。他们的习俗礼仪、言行举止、精神观念、政治态度，通过对斯佳丽与白瑞德的爱情纠缠为主线，成功地再现了林肯领导的南北战争，美国南方地区的社会生活','2020-11-25 10:04:53','玛格丽特·米切尔'),(590,'追风筝的人',129,113,120,'短篇',18,'《追风筝的人》是阿富汗斯坦作家卡勒德·胡赛尼（Khaled Hosseini）的第一部小说，于2003年出版，是美国2005年的排名第三的最畅销书。\n全书围绕风筝与阿富汗两个少年之间展开，一个富家少年与家中仆人关于风筝的故事，关于人性的背叛与救赎','2020-11-25 10:04:53','卡勒德·胡赛尼'),(591,'秧歌',1,113,120,'长篇',9,'1952年张爱玲离开上海重返香港，投入美国驻港新闻处，《秧歌》正是她写的第一个长篇。《秧歌》有一段与内容天关的“妙论”，此“妙论”出现在其前夫胡兰成于1958年在日本写的《今生今世》一书中。从时序上说，似乎胡兰成抄袭了《秧歌》，实则是《秧歌》保留的胡兰成的汉奸阴影','2020-11-25 10:04:53','张爱玲'),(592,'牧羊少年奇幻之旅',131,130,120,'长篇',4,'《牧羊少年奇幻之旅》是巴西著名作家保罗·柯艾略的经典寓言式小说。小说运用富含哲理和诗意的语言讲述了牧羊少年圣地亚哥追寻宝藏的奇幻冒险故事，极具启发性和励志意义。\n小说自1988年出版后，便风靡全球，畅销160多个国家，登上20多个国家畅销榜第1名，荣获33项国际大奖，已经被翻译成68种语言，是当今在世作家作品中被翻译最多的小说。全球销量超过6500万册，是历史上最畅销的葡萄牙语小说。这部小说被誉为20世纪最重要的文学现象之一。','2020-11-25 10:04:53','保罗·柯艾略'),(593,'我们仨',1,113,120,'长篇',12,'钱氏夫妇在学界德高望重，《围城》、《洗澡》两部畅销书更令他们声名远播。然而，人们对其家庭生活却不甚了解。1998年，钱先生的逝世使文化界深感悲痛。但罕为人知的是他和杨女士唯一的女儿钱瑗已于此前（1997年）先他们而去。一生的伴侣、唯一的女儿相继离去，杨女士晚年之情景非常人所能体味。在人生的伴侣离去四年后，92岁高龄的杨女士用心记述了他们这个特殊家庭63年的风风雨雨、点点滴滴，结成回忆录《我们仨》。本书分为两部分。第一部分中，杨女士以其一贯的慧心、独特的笔法，用梦境的形式讲述了最后几年中一家三口相依为命的情感体验。第二部分，以平实感人的文字记录了自1935年伉俪二人赴英国留学，并在牛津喜得爱女，直至1998年钱先生逝世63年间这个家庭鲜为人知的坎坷历程。他们的足迹跨过半个地球，穿越风云多变的半个世纪：战火、疾病、政治风暴，生离死别……','2020-11-25 10:04:53','钱氏夫妇'),(594,'红楼梦魇',1,132,113,'长篇',20,'《红楼梦魇》是张爱玲旅居美国研究《红楼梦》十年的心血结晶，亦是一部学术考据之作。\n像张爱玲这样一位作家，用十年时间，对《红楼梦》作如此近乎繁琐的考据，似乎真是“梦魇”一般奇特。\n不过，喜爱张氏作品的人都知道，她实在与这部中国有史以来最伟大的小说有太深太深的关系，她从小就爱读《红楼梦》，以后每隔几年又重读一次，对，红楼梦》真到“熟读”的程度，“不同的本子不用留神看，稍微眼生点的字自会蹦出来。”\n她少年时代就模仿《红楼梦》写过作品，以后她的写作品如《金锁记》等，意境、手法、语言，都得《红楼梦》之真传。\n难怪她醉心于《红楼梦》世界的一切，甚至是：“偶偶指逆，事无大小，只要‘详’一会儿，红楼梦》就好了。”《红楼梦》已经这样融入她的生命和生活之中。真是要了解张爱玲，不可不了解这一点。','2020-11-25 10:04:53','张爱玲'),(595,'面纱',118,113,120,'短篇',10,'《面纱》是英国作家 W.萨默塞特·毛姆创作的一部女性精神觉醒经典之作，同时也是其最具争议的一部作品。《面纱》以其悲天悯人的情感关照，以其对道德冲突的敏感解析，以其对人性的尖锐反讽，以其对人类欲望、恐惧和悔恨等内在世界的准确建构，而成为一部艺术的杰作。\n《面纱》出版后两个月，正在热恋中的陆小曼就读了这部小说，在一九二五年六月二十八日的日记中，陆小曼写道：“因为没有气力所以耽在床上看完一本《The Painted Veil》，看得我心酸万分；虽然我知道我也许不会像书里的女人那样惨的。书中的主角为了爱，从千辛万苦中奋斗，才达到目的；可是欢聚了没有多少日子男的就死了，留下她孤零零的跟着老父苦度残年。摩！你想人间真有那么残忍的事么？我不知道为什么要为故人担忧，平空哭了半天，哭得我至今心里还是一阵阵的隐隐作痛呢！想起你更叫我发抖，但愿不幸的事不要寻到我们头上来……”\n  显然，陆小曼误读了《面纱》，却不幸而预示了她自己后来的命运','2020-11-25 10:04:53',' W.萨默塞特·毛姆'),(596,'白鲸',121,113,120,'长篇',20,'《白鲸》（Moby Dick）是19世纪美国最重要的小说家之一赫尔曼·梅尔维尔（Herman Melville 1819—1891）于1851年发表的一篇海洋题材的小说，小说描写了亚哈船长为了追逐并杀死白鲸（实为白色抹香鲸）莫比·迪克，最终与白鲸同归于尽的故事。故事营造了一种让人置身海上航行、随时遭遇各种危险甚至是死亡的氛围，是作者的代表作。1956年06月27日发行的电影《白鲸记》，就是改编自这篇小说。','2020-11-25 10:04:53','赫尔曼·梅尔维尔'),(597,'乌托邦',118,113,113,'中篇',5,'乌托邦（Utopia）本意为“没有的地方”或者“好地方”。延伸为还有理想，不可能完成的好事情，其中文翻译也可以理解为“乌”是没有，“托”是寄托，“邦”是国家，“乌托邦”三个字合起来的意思即为“空想的国家”。空想社会主义的创始人托马斯·莫尔在他的名著《乌托邦》中虚构了一个航海家航行到一个奇乡异国“乌托邦”的旅行见闻。在那里，财产是公有的，人民是平等的，实行着按需分配的原则，大家穿统一的工作服，在公共餐厅就餐，官吏由秘密投票产生。他认为，私有制是万恶之源，必须消灭它。','2020-11-25 10:04:53','托马斯·莫尔'),(598,'蝇王',118,113,120,'中篇',13,'威廉·戈尔丁（Willeam Gerald Golding）是一位英国小说家，诗人，1983年诺贝尔文学奖得主。他的小说富含寓意，广泛地融入了古典文学，神话，基督教文化以及象征主义。其代表 作《蝇王》（1954年）突出了他一直不停探讨的主题：人类天生的野蛮 与文明的理性的斗争。这部小说使他赢得了世界声誉。','2020-11-25 10:04:53','威廉·戈尔丁'),(599,'论人类不平等的起源',119,2,137,'短篇',15,'在这篇应第戎学院征文而作的论文中，卢俊一方面借助当时有关野蛮人的人类学资料，一方面展开辩证的想像，回顾了人类自然状态向社会状态过渡的历史进程，指南：人类的进步史也就是人类的堕落史：而私有制的确立，是造成人类不平等及其后果的关键环节。这篇论文可谓卢梭整个政治学说的导言。','2020-11-25 10:04:53','卢俊'),(600,'铁皮鼓',6,113,120,'中篇',4,'《铁皮鼓》是诺贝尔文学奖获得者君特·格拉斯的惊世之作，也是一部现代流浪汉的小说，以黑色幽默的虚构故事展示了德国那段最黑暗的历史，格拉斯的时事讽刺辛辣刁钻，让你 不由得想起诗人海涅。1980年，根据本书改编拍摄的同名电影被搬上银幕，并获奥斯卡最佳外语片奖。 1999年10月瑞士文学院在授予格拉斯诺贝尔文学奖时，称“《铁皮鼓》是二战之后世界文学最重要的作品之一”。','2020-11-25 10:04:53','君特·格拉斯'),(601,'威尼斯商人',118,113,116,'长篇',6,'《威尼斯商人》是莎士比亚早期的重要作品，是一部具有极大讽刺性的喜剧。大约作于1596-1597年。剧本的主题是歌颂仁爱、友谊和爱情，同时也反映了资本主义早期商业资产阶级与高利贷者之间的矛盾，表现了作者对资产阶级社会中金钱、法律和宗教等问题的人文主义思想。这部剧作的一个重要文学成就，就是塑造了夏洛克这一惟利是图、冷酷无情的高利贷者的典型形象。','2020-11-25 10:04:53','莎士比亚'),(602,'形而上学',141,140,140,'中篇',5,'《形而上学》是亚里士多德的哲学代表作。原是他在吕克昂学院讲课的讲稿、笔记或学生的记录，亚里士多德去世后，该学院的第11代继承人安德罗尼柯整理亚里士多德的旧稿与 讲义，编纂了当时所能收集到的全部遗稿，把研究自然界运动变化的著作编在一起，取名《物理学》或《自然哲学》，又把一些杂乱的讨论抽象问题的文章编在《物 理学》之后，取名《物理学以后诸篇》。中文译为《形而上学》。','2020-11-25 10:04:53','亚里士多德'),(603,'钦差大臣',113,113,120,'中篇',10,'俄国讽刺作家果戈里的代表作《钦差大臣》，于1836年发表，它改变了当时俄国剧坛上充斥着从法国移植而来的思想浅薄、手法庸俗的闹剧的局面。《钦差大 臣》描写纨绔子弟赫列斯达可夫与人打赌输得精光，正一筹莫展，从彼得堡途经外省某市，被误认为“钦差大臣”，在当地官僚中引起恐慌，闹出许多笑话。果戈理 用喜剧这面镜子照出了当时社会达官显贵们的丑恶原形，从而揭露了农奴制俄国社会的黑暗、腐朽和荒唐反动。','2020-11-25 10:04:53','果戈里'),(604,'罗密欧与朱丽叶',118,113,116,'中篇',7,'《罗密欧与朱丽叶》，英文原名为《The Most Excellent and Lamentable Tragedy of Romeo and Juliet》，简写为《Romeo and Juliet》，是英国剧作家莎士比亚著名的悲剧。\n      《罗密欧与朱丽叶》讲述一对仇视家族中的一男一女戏剧性的相识、相恋，后来遭遇很多打击的考验，没有破坏他们牢固的感情，但最后因为误会双双殉情。双方家族摒弃仇恨，讴歌了人类伟大的爱情以及诠释了世俗的残酷。\n      《罗密欧与朱丽叶》曾被多次改编成歌剧、交响曲、芭蕾舞剧、电影及电视作品。法国作曲家古诺曾将此剧谱写为歌剧，著名的音乐剧《西城故事》亦改编自本剧。 俄国作曲家柴可夫斯基谱有《罗密欧与茱丽叶幻想序曲》，作曲家普罗高菲夫则为该剧编写芭蕾舞乐曲，均获得大众的喜爱。而1996年电影版名为《罗密欧与茱 丽叶 后现代激情篇》由好莱坞艺人莱昂纳多·迪卡普里奥及克莱尔·黛恩斯主演，于1997年柏林影展获得多个奖项。','2020-11-25 10:04:53','莎士比亚'),(605,'白痴',113,113,120,'长篇',13,'《白痴》是陀思妥耶夫斯基重返文坛后的第三部长篇小说，写于一八六七年秋至一八六九年一月。它揭露了资本主义残暴不仁，显示出作者高度的艺术才华。陀思妥 耶夫斯基是俄国19世纪文坛上享有世界声誉的一位小说家，他的创作具有极其复杂、矛盾的性质。陀思妥耶夫斯基擅长心理剖析，尤其是揭示内心分裂。他对人类 肉体与精神痛苦的震撼人心的描写是其他作家难以企及的。他的小说戏剧性强，情节发展快，接踵而至的灾难性事件往往伴随着复杂激烈的心理斗争和痛苦的精神危 机。陀思妥耶夫斯基的善恶矛盾性格组合、深层心理活动描写都对后世作家产生了深刻影响。','2020-11-25 10:04:53','陀思妥耶夫斯基'),(606,'老人与海',121,113,120,'短篇',5,'《老人与海》是海明威的代表作，也是一部象征性的小说。主人公桑提亚哥是一位老渔夫，他经过重重艰险，捕获了“一条不止一千五百磅重的大马林鱼”，但这条大马林鱼却被鲨鱼吃光了，桑提亚哥只拖回了一副鱼的骨架。本作品被称为是影响历史的百部经典之一；美国历史上里程碑式的32本书之一 。是世界文学宝库中的珍品，也是海明威全部创作中的瑰宝。1953年5月4日，海明威以作品《老人与海》获普利策奖。','2020-11-25 10:04:53','海明威'),(607,'雪国',127,113,120,'中篇',20,'《雪国》是日本作家川端康成的第一部中篇小说。它也是作者在被授予诺贝尔文学奖时被评奖委员会提到的三部小说之一。另外两部是《古都》和《千羽鹤》。“穿过县境上长长的隧道，便是雪国。夜空下，大地一片莹白，火车在信号所前停下来。”在这里川端康成用几近吝啬的简洁文字，拉开了《雪国》的序幕。我们也仿佛像书中的主人公岛村，坐了一夜的火车，终于抵达了这个静寂寒冷、给人一种虚幻感觉的天地。《雪国》并没有曲折复杂的情节，也没有什么丰厚深刻的社会主题，故事写的是一位叫岛村的舞蹈艺术研究者，前后三次前往一个北国的山村，与当地一位叫驹子的艺妓及另一位萍水相逢的少女叶子之间的爱情纠葛。故事就是在这一出洁白雪国里不经意地发生、终结','2020-11-25 10:04:53','川端康成'),(608,'铁皮鼓',6,113,120,'短篇',5,'《铁皮鼓》是诺贝尔文学奖获得者君特·格拉斯的惊世之作，也是一部现代流浪汉的小说，以黑色幽默的虚构故事展示了德国那段最黑暗的历史，格拉斯的时事讽刺辛辣刁钻，让你 不由得想起诗人海涅。1980年，根据本书改编拍摄的同名电影被搬上银幕，并获奥斯卡最佳外语片奖。 1999年10月瑞士文学院在授予格拉斯诺贝尔文学奖时，称“《铁皮鼓》是二战之后世界文学最重要的作品之一”。','2020-11-25 10:04:53','君特·格拉斯'),(609,'青鸟',148,113,116,'短篇',15,'《青鸟》是“比利时的莎士比亚”莫里斯·梅特林克的最著名的代表作。《青鸟》 原是直到今天仍在舞台上演出的六幕梦幻剧。后经梅特林克同意，由其妻乔治特·莱勃伦克将该剧改写成童话故事，以便更适合小读者阅读。中篇童话《青鸟》于 1908年发表。作品讲述了两个伐木工人的孩子，代表人类寻找青鸟的过程。本书中，青鸟就是幸福的象征。通过他们一路上的经历，象征性地再现了迄今为止， 人类为了寻找幸福所经历过的全部苦难。','2020-11-25 10:04:53','莫里斯·梅特林克'),(610,'镜花缘',1,113,120,'长篇',7,'《镜花缘》是一部与《西游记》、《封神榜》、《聊斋志异》同辉璀璨、带有浓厚神话色彩、浪漫幻想迷离的中国古典长篇小说。作者清代著名小说家李汝珍以其神幻诙谐的创作手法数经据典，奇妙地勾画出一幅绚丽斑烂的天轮彩图。','2020-11-25 10:04:53','李汝珍'),(611,'富家子弟人上人',121,149,149,'短篇',20,'江门新会最有钱的人，新会第一陈皮批发商，名下资产500亿美元','2020-11-25 10:04:53','李贤劭'),(612,'树上的男爵',124,2,120,'长篇',5,'《树上的男爵》是意大利文学家伊塔洛·卡尔维诺的一篇长篇小说，是《我们的祖先》三部曲之一。小说以传统叙事手法隐喻了现代社会里人的迷失自我、完整性丧失以及焦虑迷茫的生存状态，展现了现代社会中处于生存困境下的人类个体追求自我存在空间和价值的历程。同时在时间轴上，体现了通过对个人自我抉择矢志不移的努力从而达到非个人主义完整道路的主题。小说思维活跃、思想深刻，深刻的刻画了现实的种种弊端，启迪人们对人类的命运和现实社会予以深入思考。','2020-11-25 10:04:53','伊塔洛·卡尔维诺'),(613,'分成两半的子爵',124,2,120,'长篇',6,'《分成两半的子爵》和《不存在的骑士》加上早先的《树上的男爵》，组成了一套充满智慧的寓言似的幻想小说三部曲。它们后来在意大利以“我们的祖先”为标题，重新出版。','2020-11-25 10:04:53','伊塔洛·卡尔维诺'),(614,'不存在的骑士',124,2,120,'长篇',7,'《分成两半的子爵》和《不存在的骑士》加上早先的《树上的男爵》，组成了一套充满智慧的寓言似的幻想小说三部曲。它们后来在意大利以“我们的祖先”为标题，重新出版。','2020-11-25 10:04:53','伊塔洛·卡尔维诺'),(615,'砂之器',127,197,120,'短篇',2,'《砂之器》是日本著名推理小说家松本清张的代表作之一，曾被改编成同名恐怖电影。','2020-11-25 10:04:53','松本清张'),(616,'看不见的城市',124,2,120,'中篇',3,'《看不见的城市》是一本关于马可•波罗给忽必烈汗讲述城市的小说，或者说是关于概念城市的寓言式随笔，是卡尔维诺“在越来越难以把城市当做城市来生活的时刻，献给城市的最后一首爱情诗。”书中描绘了形形色色的城市：记忆的城市、欲望的城市、连绵的城市、符号的城市、贸易的城市、死亡的城市、隐蔽的城市等等，最终忽必烈汗发现所有马可•波罗描绘的城市其实就是一个城市——威尼斯的一个个侧面或片段','2020-11-25 10:04:53','伊塔洛·卡尔维诺'),(617,'零的焦点',127,197,120,'短篇',2,'《零的焦点》与《点与线》、《砂之器》同为世人熟知，被公认为“松本清张三大杰作”。作品沿袭一贯风格，将着眼点放在犯罪动机与社会现实上，将战后日本的社会百态通过一起罕见的案件透视得淋漓尽致而又无限悲凉。','2020-11-25 10:04:53','松本清张'),(618,'点与线',127,197,120,'短篇',3,'《零的焦点》与《点与线》、《砂之器》同为世人熟知，被公认为“松本清张三大杰作”。作品沿袭一贯风格，将着眼点放在犯罪动机与社会现实上，将战后日本的社会百态通过一起罕见的案件透视得淋漓尽致而又无限悲凉。','2020-11-25 10:04:53','松本清张'),(619,'秧歌',1,201,120,'长篇',4,'1952年张爱玲离开上海重返香港，投入美国驻港新闻处，《秧歌》正是她写的第一个长篇。《秧歌》有一段与内容天关的“妙论”，此“妙论”出现在其前夫胡兰成于1958年在日本写的《今生今世》一书中。从时序上说，似乎胡兰成抄袭了《秧歌》，实则是《秧歌》保留的胡兰成的汉奸阴影','2020-11-25 10:04:53','张爱玲'),(620,'干校六记',1,201,113,'短篇',15,'这部作品，体现了中国传统文学“怨而不怒”的宗旨。杨绛和钱钟书的遭遇，虽然比不少受批斗的知识分子要好得多，但到底是一种屈辱，也是人才的浪费，杨绛谈到这段经历，并没有激情的呐喊。虽然说作者怨而不怒，但在字里行间，还是对人性的丑恶有所讽刺，每多言外之音。如“小趋记情”一章，隐然处处以狗和人相对照，人不如狗的婉讽跃然欲出。那种乱世中人与狗互相依傍的情意，也令人感动。又如“凿井记劳”一章，对农民似有所不满，但如果认为这就是对农民或“农民性”的鄙视，无异落入“唯阶级论”的窠臼。作者想说的，其实是人的贤愚好坏，并不应由其出身阶级等先天因素来决定。','2020-11-25 10:04:53','杨绛'),(621,'自私的原因',118,203,113,'中篇',3,'道金斯在《自私的基因》中的突破性贡献在于，把根据自然选择的社会学说的这一重要部分，用简明通俗的形式，妙趣横生的语言介绍给大家，这是第一次。他惊世骇俗地在《自私的基因》中提出：我们生来是自私的。人类窥见了社会关系中基本的对称性和逻辑性，在我们有了更充分的理解之后，我们的政治见解当会重新获得活力，并对心理学的科学研究提供理论上的支柱。在这一过程中，我们也必将对我们受苦受难的许多根源有一个更深刻的理解。','2020-11-25 10:04:53','查德·道金斯在'),(622,'不分手的原因',127,204,120,'中篇',7,'《不分手的理由》是日本小说家，被誉为日本情爱大师的渡边淳一的著名小说。\n丈夫与妻子同时拥有自己的婚外恋人，在情感与家庭的挣扎中，他们经受了爱情的甜蜜，更经受了内心的自责，当他们决心抛弃一切，重新回到家庭时，他们感到他们将再也无法走进对方的心灵。在喧闹的大街拐弯之后，刹那间四周变得寂静无声，黑暗中一排路灯伫立在街头。放眼望去，只有一盏红绿灯在寒空中绽放着鲜红色的光芒。速见修平往前欠身，嘱咐计程车司机行驶至红绿灯时左转。这一带是世田谷的新兴社区，近年来开始兴建，大量的超级市场和公寓，修平目前住的房子也是三年前才盖好的。','2020-11-25 10:04:53','渡边淳一'),(623,'少年天子',1,2,120,'长篇',5,'凌力的代表作品《少年天子》是一部描写清朝入关后第一代皇帝顺治政台生涯与爱情生活的长篇历史小说。小说出版后获第三届茅盾文学奖并被改编成同名电视连续剧。','2020-11-25 10:04:53','凌力'),(624,'张居正',1,2,120,'长篇',6,'张居正是明万历年间曾因厉行改革而彪炳史册的一位传奇人物。当代著名作家熊召政耗十年心血创作的四卷本长篇历史小说《张居正》，荣获第六届茅盾文学奖、湖北省政府图书奖、首届姚雪垠长篇历史小说奖、第五届屈原文学奖。','2020-11-25 10:04:53','熊召政'),(625,'雍正皇帝',1,2,207,'长篇',7,'《雍正皇帝》是二月河“帝王系列”的第二部，它跨越康、雍、乾承先启后数十年历史，成功地描写了雍正皇帝波澜壮阔的一生。 雍正皇帝是中国历史上极有作为的皇帝之一，也是最有争议的皇帝之一，从他的登基到他的去世，都盛行着各种各样的传说。几百年来，雍正皇帝的头上一直笼罩 着神秘莫测、扑朔迷离的疑团。作为创建了清王朝“康乾盛世”的三位杰出帝王之一，雍正生活在两位执政时间最长的皇帝即在位61年的康熙大帝和在位60年的 风流天子乾隆之间，犹如耸立在两座高峰之间的又一座高峰，他承先启后，是“康乾盛世”中功不可没的一代帝王。','2020-11-25 10:04:53','二月河'),(626,'修道院纪事',207,2,120,'长篇',5,'《修道院纪事》是葡萄牙文坛巨匠萨拉马戈的代表作品之一。1982年出版《修道院纪事》，取得巨大成功，荣获95年度葡语文学最高奖项“卡蒙斯文学奖”。这部历史体裁的长篇小说以独特的风格和扣人心弦的故事情节而令人目注神驰。小说描述了一位士兵和一位具有特异视力的姑娘之间奇特的爱情故事，把读者带到了18世纪初宗教裁判所窒息人性的时代。天地茫茫，但一对深爱的情侣却饱受磨难，无容身之地。小说真实与虚幻交相辉映，气势恢宏，荡气回肠','2020-11-25 10:04:53','萨拉马戈'),(627,'武则天正传',1,201,207,'中篇',3,' 武则天这个女人活了八十二岁，权倾中国达半个世纪之久。生活对她而言就如同游戏一样，她有比普通人更强烈的欲望，以至于秽闻不断；争权夺势的游戏，她玩得津津有味，她玩出的不像是一般妇人统治下的正常历史，更像一出梦呓般异想天开的荒唐戏。《武则天正传》是林语堂的传世之作','2020-11-25 10:04:53','林语堂'),(628,'我们的荆轲',1,113,116,'中篇',9,'话剧《我们的荆轲》由作家莫言编剧，导演任鸣执导，由北京人艺演员王斑、王雷、于震、宋轶等人主演，以现代视角再现历史故事，新鲜而犀利地重新解读了“荆轲刺秦” 这一中国人家喻户晓的故事，曾一举拿下中国话剧“金狮奖”的最佳剧目奖和优秀编剧奖。','2020-11-25 10:04:53','莫言'),(629,'《绞刑架下的报告》',210,113,120,'中篇',2,'《绞刑架下的报告》不仅是捷克无产阶级文学中的经典著作，也是全世界进步人民的共同的精神财富，自一九四五年在捷出版以来，已被译成九十多种文字，在世界各国人民中广为流传。在我国，早在五十年代，就先后发行过两个根据其他文字转译的版本，对中国读者起了极大的教育和鼓舞作用。','2020-11-25 10:04:53','伏契克'),(630,'茶人三部曲',1,113,120,'长篇',6,'王旭烽的《茶人三部曲》从1990年开始动笔，到1999年底改定，整整用了10年的工夫。全书以江南杭姓茶叶家庭六代人的命运沉浮为主线，将中国茶文化 史和中国近代史有机地融合在一起，堪称中国第一部反映茶文化的长篇小说。《茶人三部曲》荣获2000年第5届矛盾文学奖。','2020-11-25 10:04:53','王旭峰'),(631,'白柳门',1,2,120,'长篇',9,'《白门柳》是作家刘斯奋从37岁开始创作，耗费16年心血而著成的长篇历史小说，分《夕阳芳草》、《秋露危城》、《鸡鸣风雨》三部。作品通过明末清初著名 启蒙思想家黄宗羲及其他一些富有改革意识的知识分子在“天崩地解”式的社会巨变中所走过的道路，真实地再现了17世纪中叶中国尖锐复杂的社会矛盾和腐朽中 孕育新生的历史进程。《白门柳》荣获1998年第4届茅盾文学奖。','2020-11-25 10:04:53','刘思奋'),(632,'战争与和平',113,114,214,'短篇',3,'俄罗斯伟大作家列夫·托尔斯泰的《战争与和平》是世界文学史上一部不朽名著。小说最突出的艺术成就是那气势磅礴、宏大复杂的结构与严整有序的布局。托尔斯泰以一天才之笔，游刃于战争与和平、心理与社会、历史与哲学、婚姻与宗教之间，主次分明，匠心独具。小说《战争与和平》以库拉金、罗斯托夫、鲍尔康斯基和别朱霍夫四大贵族家庭的生活为情节线索，气势磅礴地反映了十九世纪初到二十年代俄国社会的重大历史事件。','2020-11-25 10:04:53','列夫·托尔斯泰'),(633,'北京法源寺',1,2,120,'长篇',4,'《北京法源寺》，历史小说，是台湾历史学家，作家李敖的第一部长篇小说作品。李敖在狱中构思故事梗概，在1976年出狱后开始写作，成书于1991年。 小说以北京宣武区的法源寺为故事背景，描述了从戊戌变法到辛亥革命前后，康有为、梁启超、谭嗣同、大刀王五等一批中国志士为中国的振兴所做出的努力和活动。作者宣称此作品被提名2000年诺贝尔文学奖。不过，由于提名诺奖的门槛很低，只要大学副教授就可以提名任何作家了，因此诺奖从不公布每年有哪些作家被提名，所以这种说法的真伪可能永远也无法得到检验。','2020-11-25 10:04:53','李敖'),(634,'金瓯缺',1,2,120,'长篇',4,'徐兴业的长篇历史小说《金瓯缺》描写的是12世纪初、中叶中国内部宋、辽、金之间的民族战争。以历史人物为核心线索，分别讲述北宋与辽、北宋与西夏以及南 宋与金、南宋与元之间的战和交锋岁月，力求从大历史的视角来叙说宋朝与周围多个并立政权的复杂关系。《金瓯缺》荣获1988年第3届茅盾文学奖。','2020-11-25 10:04:53','徐兴业'),(635,'敦煌',127,2,120,'中篇',6,'日本文坛巨匠、芥川龙之介奖得主——井上靖代表作之一，荣获每日艺术大奖，令无数人拿着这本书从世界各地奔赴敦煌。宋仁宗天圣年间，书生赵行德进京赶考，却因瞌睡错过了考试，前往刀兵四起、黄沙漫天的敦煌，命运由此发生了剧烈的转折。无数观众从《敦煌》的故事中惊奇地注目中国西部，更有大批游人拿着井上靖的西域小说，走上去往敦煌的漫长征程。……作家对人生对历史寄予了独特思考，对中国史传文学的叙事模式亦有秉承和借鉴。在涉及这种题材时严谨的治学态度亦深得史学家称道。','2020-11-25 10:04:53','井上靖'),(637,'西游记',1,2,2,'长篇',10,'《西游记》是中国古代第一部浪漫主义章回体长篇神魔小说。现存明刊百回本《西游记》均无作者署名。清代学者吴玉搢等首先提出《西游记》作者是明代吴承恩。 [1] \n全书主要描写了孙悟空出世及大闹天宫后，遇见了唐僧、猪八戒、沙僧和白龙马，西行取经，一路上历经艰险、降妖伏魔，经历了九九八十一难，终于到达西天见到如来佛祖，最终五圣成真的故事。该小说以“唐僧取经”这一历史事件为蓝本，通过作者的艺术加工，深刻地描绘了明代社会现实。\n《西游记》是中国神魔小说的经典之作，达到了古代长篇浪漫主义小说的巅峰，与《三国演义》《水浒传》《红楼梦》并称为中国古典四大名著','2020-11-25 10:18:29','吴承恩'),(638,'水浒传',1,2,2,'长篇',8,'《水浒传》是元末明初施耐庵（现存刊本署名大多有施耐庵、罗贯中两人中的一人，或两人皆有）编著的章回体长篇小说。\n全书通过描写梁山好汉反抗欺压、水泊梁山壮大和受宋朝招安，以及受招安后为宋朝征战，最终消亡的宏大故事，艺术地反映了中国历史上宋江起义从发生、发展直至失败的全过程，深刻揭示了起义的社会根源，满腔热情地歌颂了起义英雄的反抗斗争和他们的社会理想，也具体揭示了起义失败的内在历史原因。\n《水浒传》是中国古典四大名著之一，问世后，在社会上产生了巨大的影响，成了后世中国小说创作的典范。《水浒传》是中国历史上最早用白话文写成的章回小说之一，流传极广，脍炙人口；同时也是汉语言文学中具备史诗特征的作品之一，对中国乃至东亚的叙事文学都有深远的影响','2020-11-25 10:18:29','施耐庵'),(639,'三国演义',1,2,2,'中篇',10,'《三国演义》（全名为《三国志通俗演义》，又称《三国志演义》）是元末明初小说家罗贯中创作的长篇章回体历史演义小说。该作品成书后有嘉靖壬午本等多个版本传于世，到了明末清初，毛宗岗对《三国演义》整顿回目、修正文辞、改换诗文。 [1] \n《三国演义》描写了从东汉末年到西晋初年之间近百年的历史风云，以描写战争为主，诉说了东汉末年的群雄割据混战和魏、蜀、吴三国之间的政治和军事斗争，最终司马炎一统三国，建立晋朝的故事。反映了三国时代各类社会斗争与矛盾的转化，并概括了这一时代的历史巨变，塑造了一群叱咤风云的三国英雄人物。\n全书可大致分为黄巾起义、董卓之乱、群雄逐鹿、三国鼎立、三国归晋五大部分。在广阔的历史舞台上，表现了一幕幕气势磅礴的战争场面。作者罗贯中将兵法三十六计融于字里行间，既有情节，也有兵法韬略。\n《三国演义》是中国文学史上第一部章回小说，是历史演义小说的开山之作，也是第一部文人长篇小说， [2]  中国古典四大名著之一','2020-11-25 10:18:29','罗贯中'),(640,'红楼梦',1,2,2,'中篇',4,'《红楼梦》，中国古代章回体长篇小说，中国古典四大名著之一，一般认为是清代作家曹雪芹所著。小说以贾、史、王、薛四大家族的兴衰为背景，以富贵公子贾宝玉为视角，以贾宝玉与林黛玉、薛宝钗的爱情婚姻悲剧为主线，描绘了一批举止见识出于须眉之上的闺阁佳人的人生百态，展现了真正的人性美和悲剧美，可以说是一部从各个角度展现女性美以及中国古代社会世态百相的史诗性著作。\n《红楼梦》版本有120回“程本”和80回“脂本”两大系统。程本为程伟元排印的印刷本，脂本为脂砚斋在不同时期抄评的早期手抄本。脂本是程本的底本。\n《红楼梦》是一部具有世界影响力的人情小说，举世公认的中国古典小说巅峰之作，中国封建社会的百科全书，传统文化的集大成者。小说以“大旨谈情，实录其事”自勉，只按自己的事体情理，按迹循踪，摆脱旧套，新鲜别致，取得了非凡的艺术成就。“真事隐去，假语村言”的特殊笔法更是令后世读者脑洞大开，揣测之说久而遂多。二十世纪以来，学术界因《红楼梦》异常出色的艺术成就和丰富深刻的思想底蕴而产生了以《红楼梦》为研究对象的专门学问——红学','2020-11-25 10:18:29','曹雪芹'),(641,'钢铁是怎样练成的',111,5,2,'长篇',12,'《钢铁是怎样炼成的》是前苏联作家尼古拉·奥斯特洛夫斯基所著的一部长篇小说，于1933年写成。\n小说通过记叙保尔·柯察金的成长道路告诉人们，一个人只有在革命的艰难困苦中战胜敌人也战胜自己，只有在把自己的追求和祖国、人民的利益联系在一起的时候，才会创造出奇迹，才会成长为钢铁战士。 [1] \n2020年4月，列入《教育部基础教育课程教材发展中心 中小学生阅读指导目录（2020年版）》初中段。','2020-11-25 10:18:29','尼古拉奥斯特洛夫斯基'),(642,'平凡的世界',1,111,111,'长篇',10,'《平凡的世界》是中国作家路遥创作的一部全景式地表现中国当代城乡社会生活的百万字长篇小说。全书共三部。1986年12月首次出版。\n该书以中国70年代中期到80年代中期十年间为背景，通过复杂的矛盾纠葛，以孙少安和孙少平两兄弟为中心，刻画了当时社会各阶层众多普通人的形象；劳动与爱情、挫折与追求、痛苦与欢乐、日常生活与巨大社会冲突纷繁地交织在一起，深刻地展示了普通人在大时代历史进程中所走过的艰难曲折的道路。','2020-11-25 10:18:29','路遥'),(643,'日瓦戈医生',113,2,2,'短篇',8,' 《日瓦戈医生》是一部知识分子的命运史，小说波及了1903年夏到40年代末近半个世纪的俄国历史上的重大事件，触及了道德、政治、哲学、美学、社会、宗 教等一系列问题，是二十世纪俄罗斯文学史上为数不多的具有广阔的历史容量、社会生活与精神生活容量的长篇作品。 帕斯捷尔纳克因 《日瓦戈医生》于1958年获诺贝尔文学奖','2020-11-25 10:18:29','鲍里斯·帕斯捷尔纳克'),(644,'呐喊',1,113,113,'短篇',13,'《呐喊》，是鲁迅的短篇小说集，作品真实地描绘了从辛亥革命到五四时期的社会生活，揭示了种种深层次的社会矛盾，对中国旧有制度及陈腐的传统观念进行了深刻的剖析和比较彻底的否定。1923年8月3日，鲁迅出版小说集《呐喊》。','2020-11-25 10:18:29','鲁迅'),(645,'亮剑',1,114,114,'中篇',7,'都梁的代表作《亮剑》是一部战争艺术和传奇色彩融会贯通的经典主旋律作品。爱国精神与英雄主义、铁血丹心与人世常情、斗智与斗勇、友情与爱情交相辉映是本书的特色。《亮剑》因改编成同名热播剧而声名大噪。','2020-11-25 10:18:29','李海鹰'),(646,'朝花夕拾',1,113,113,'长篇',12,'《朝花夕拾》是鲁迅先生的一本散文集，收入鲁迅先生1926年所作回忆散文共10篇。其中前五篇写于北京，后五篇写于厦门。最初陆续发表于《莽原》半月 刊，以《旧事重提》为总题。1927年7月，鲁迅添写《小引》和《后记》，将它们结集出版，改名为《朝花夕拾》。第一版由北京未名社1928年９月出版， 为鲁迅自己所编的《未名新集》之一。1932年9月改由上海北新书局重排出版。《朝花夕拾》中的散文都是鲁迅回忆往事的作品，从中可以看出鲁迅的成长道 路。它们文笔优美，感情深沉，都是散文中的佳品。','2020-11-25 10:18:29','鲁迅'),(647,'雷雨',1,116,116,'短篇',8,'《雷雨》原作者曹禺，该剧完全运用了三一律的戏剧结构，描写了两个家庭中的八个人物在短短一天之内发生的故事，却牵扯了周鲁两家几十年的恩恩怨 怨。本剧情节扣人心弦，语言简练含蓄，人物各具性格特点，潜台词极为丰富。《雷雨》是戏剧家曹禺的第一部作品，也是中国现代话剧成熟的标志。','2020-11-25 10:18:29','曹禺'),(648,'德伯家的苔丝',118,117,113,'短篇',6,'《德伯家的苔丝》是哈代的代表作，它描写了一位农村姑娘的悲惨命运。哈代在小说的副标题中称女主人公为“一个纯洁的女人”，公开地向维多利亚时代虚伪的社 会道德挑战。《德伯家的苔丝》这部作品不仅在作者本国，而且在世界范围，久为广大读者所喜爱，为专业研究人士所瞩目，为电影、戏剧界的艺术家们所礼遇。','2020-11-25 10:18:29','哈代'),(649,'九三年',119,113,113,'长篇',15,'《九三年》是法国著名小说家雨果的最后一部长篇小说。 雨果在小说中塑造了旺代叛军首领朗德纳克侯爵及其侄孙、镇压叛乱的共和军司令郭文，以及郭文的家庭教师、公安委员会特派员西穆尔登这三个中心人物，围绕他们展开了错综复杂的情节，描绘了资产阶级和封建势力在一七九三年进行殊死搏斗的历史场面。小说结尾：朗德纳克因良心发现，返回大火焚烧中的城堡救出三个孩子，郭文为叔祖的人道精神所感动，情愿用自己的头颅换取朗德纳克的生命，西穆尔登丹则在郭文人头落地的同时开枪自杀。','2020-11-25 10:18:29','雨果'),(650,'梁书',1,119,119,'中篇',12,'《梁书》，记述南朝萧梁一代历史的纪传体史书。唐姚思廉撰，含本纪六卷，列传五十卷，共五十六卷。贞观初，姚思廉任着作郎、弘文馆学士。后官至散骑常侍。三年(629)，奉诏撰梁、陈二史，贞观十年撰成《梁书》。《宋书》未立文学传。《南齐书》和《陈书》各有文学一卷，而《梁书》文学传两卷，共收二十五人，反映了梁代文学的兴盛。','2020-11-25 10:18:29','姚思廉'),(651,'天才',121,113,120,'中篇',18,'《天才》是美国自然主义文学大师西奥多·德莱塞最满意的作品。\n本书主人公尤金，是一位正直、诚实的小镇青年。他聪明、刻苦、热爱艺术，喜爱大自然。他极富幻想，不安于现状。于是他来到大都市寻求发展，一心要实现自己的梦想。从芝加哥到纽约，从成名为商界巨子又沦落到声名狼藉，荀且偷生。故事情节十分曲折，充满了戏剧性的人生变化。','2020-11-25 10:18:29','德莱塞'),(652,'不成问题的问题',1,113,113,'短篇',6,'《不成问题的问题》是老舍先生发表于1943年的短篇小说。讲述的是中国抗日战争时期大后方的树华农场在主任丁务源的管理下走向衰败的故事。','2020-11-25 10:18:29','老舍'),(653,'魔山',6,113,120,'中篇',9,'《魔山》是诺贝尔文学奖获得者托马斯·曼的代表作。小说以一个疗养院为中心，描写了欧洲许多封建贵族，其中有普鲁士军官、俄国贵妇人、荷兰殖民者、天主教徒……他们都是社会的寄生虫。整个疗养院弥漫着病态的、垂死的气氛。作品通过人物之间的思想冲突，揭示出颓废主义和法西斯主义的血缘关系','2020-11-25 10:18:29','托马斯·曼'),(654,'树上的男爵',124,113,113,'长篇',19,'《树上的男爵》是意大利文学家伊塔洛·卡尔维诺的一篇长篇小说，是《我们的祖先》三部曲之一。小说以传统叙事手法隐喻了现代社会里人的迷失自我、完整性丧失以及焦虑迷茫的生存状态，展现了现代社会中处于生存困境下的人类个体追求自我存在空间和价值的历程。同时在时间轴上，体现了通过对个人自我抉择矢志不移的努力从而达到非个人主义完整道路的主题。小说思维活跃、思想深刻，深刻的刻画了现实的种种弊端，启迪人们对人类的命运和现实社会予以深入思考。','2020-11-25 10:18:29','西奥多·德莱塞'),(655,'美国的悲剧',121,113,120,'中篇',20,'西奥多德莱塞（1871-1945）是美国现代小说的先驱和代表作家,被认为是同海明威、福克纳并列的美国现代小说的三巨头之一。《美国的悲剧》是西奥多·德莱塞最为重要的作品。这部小说共分三卷。故事以一个普通美国青年克莱德·格里菲斯短促的一生为线索，将美国现代社会生活的众多画面交织进去。著名奥斯卡得奖电影\"A Place in the Sun\" (1951)就是根据这部小说改编的。\n在艺术上，德莱塞成功的将弗洛伊德学说运用在小说中，对主人公的性意识、下意识、幻觉、梦境等恰当的表现出来，以此展示克莱德成为美国资本垄断社会人生哲学俘虏的过程。','2020-11-25 10:18:29','西奥多·德莱塞'),(656,'怨女',1,113,120,'短篇',21,'《怨女》作者张爱玲，被誉为“文坛最美的收获之一”。这部作品是在小说《金锁记》原有情节人物的基础上的改编。更换了一些人物的姓名，比较详细的交待了女主角出嫁前的情况，扩充了女主角与小叔的故事、女主角儿子的故事，删去她女儿的故事，其他的框架基本没有改变。','2020-11-25 10:18:29','张爱玲'),(657,'人间失格',127,113,120,'短篇',17,'《人间失格》（又名《丧失为人的资格》）日本著名小说家太宰治最具影响力的小说作品，发表于1948年，是一部自传体的小说。纤细的自传体中透露出极致的颓废，毁灭式的绝笔之作。太宰治巧妙地将自己的人生与思想，隐藏于主角叶藏的人生遭遇，藉由叶藏的独白，窥探太宰治的内心世界——“充满了可耻的一生”。在发表该作品的同年，太宰治自杀身亡。','2020-11-25 10:18:29','太宰治'),(658,'飘',121,113,120,'中篇',12,'《飘》是美国女作家玛格丽特·米切尔（1900—1949）十年磨一剑的作品，也是惟一的作品。小说以亚特兰大以及附近的一个种植园为故事场景，描绘了内战前后美国南方人的生活。作品刻画了那个时代的许多南方人的形象，占中心位置的斯佳丽、瑞德、艾希礼、梅勒妮等人是其中的典型代表。他们的习俗礼仪、言行举止、精神观念、政治态度，通过对斯佳丽与白瑞德的爱情纠缠为主线，成功地再现了林肯领导的南北战争，美国南方地区的社会生活','2020-11-25 10:18:29','玛格丽特·米切尔'),(659,'追风筝的人',129,113,120,'短篇',18,'《追风筝的人》是阿富汗斯坦作家卡勒德·胡赛尼（Khaled Hosseini）的第一部小说，于2003年出版，是美国2005年的排名第三的最畅销书。\n全书围绕风筝与阿富汗两个少年之间展开，一个富家少年与家中仆人关于风筝的故事，关于人性的背叛与救赎','2020-11-25 10:18:29','卡勒德·胡赛尼'),(660,'秧歌',1,113,120,'长篇',9,'1952年张爱玲离开上海重返香港，投入美国驻港新闻处，《秧歌》正是她写的第一个长篇。《秧歌》有一段与内容天关的“妙论”，此“妙论”出现在其前夫胡兰成于1958年在日本写的《今生今世》一书中。从时序上说，似乎胡兰成抄袭了《秧歌》，实则是《秧歌》保留的胡兰成的汉奸阴影','2020-11-25 10:18:29','张爱玲'),(661,'牧羊少年奇幻之旅',131,130,120,'长篇',4,'《牧羊少年奇幻之旅》是巴西著名作家保罗·柯艾略的经典寓言式小说。小说运用富含哲理和诗意的语言讲述了牧羊少年圣地亚哥追寻宝藏的奇幻冒险故事，极具启发性和励志意义。\n小说自1988年出版后，便风靡全球，畅销160多个国家，登上20多个国家畅销榜第1名，荣获33项国际大奖，已经被翻译成68种语言，是当今在世作家作品中被翻译最多的小说。全球销量超过6500万册，是历史上最畅销的葡萄牙语小说。这部小说被誉为20世纪最重要的文学现象之一。','2020-11-25 10:18:29','保罗·柯艾略'),(662,'我们仨',1,113,120,'长篇',12,'钱氏夫妇在学界德高望重，《围城》、《洗澡》两部畅销书更令他们声名远播。然而，人们对其家庭生活却不甚了解。1998年，钱先生的逝世使文化界深感悲痛。但罕为人知的是他和杨女士唯一的女儿钱瑗已于此前（1997年）先他们而去。一生的伴侣、唯一的女儿相继离去，杨女士晚年之情景非常人所能体味。在人生的伴侣离去四年后，92岁高龄的杨女士用心记述了他们这个特殊家庭63年的风风雨雨、点点滴滴，结成回忆录《我们仨》。本书分为两部分。第一部分中，杨女士以其一贯的慧心、独特的笔法，用梦境的形式讲述了最后几年中一家三口相依为命的情感体验。第二部分，以平实感人的文字记录了自1935年伉俪二人赴英国留学，并在牛津喜得爱女，直至1998年钱先生逝世63年间这个家庭鲜为人知的坎坷历程。他们的足迹跨过半个地球，穿越风云多变的半个世纪：战火、疾病、政治风暴，生离死别……','2020-11-25 10:18:29','钱氏夫妇'),(663,'红楼梦魇',1,132,113,'长篇',20,'《红楼梦魇》是张爱玲旅居美国研究《红楼梦》十年的心血结晶，亦是一部学术考据之作。\n像张爱玲这样一位作家，用十年时间，对《红楼梦》作如此近乎繁琐的考据，似乎真是“梦魇”一般奇特。\n不过，喜爱张氏作品的人都知道，她实在与这部中国有史以来最伟大的小说有太深太深的关系，她从小就爱读《红楼梦》，以后每隔几年又重读一次，对，红楼梦》真到“熟读”的程度，“不同的本子不用留神看，稍微眼生点的字自会蹦出来。”\n她少年时代就模仿《红楼梦》写过作品，以后她的写作品如《金锁记》等，意境、手法、语言，都得《红楼梦》之真传。\n难怪她醉心于《红楼梦》世界的一切，甚至是：“偶偶指逆，事无大小，只要‘详’一会儿，红楼梦》就好了。”《红楼梦》已经这样融入她的生命和生活之中。真是要了解张爱玲，不可不了解这一点。','2020-11-25 10:18:29','张爱玲'),(664,'面纱',118,113,120,'短篇',10,'《面纱》是英国作家 W.萨默塞特·毛姆创作的一部女性精神觉醒经典之作，同时也是其最具争议的一部作品。《面纱》以其悲天悯人的情感关照，以其对道德冲突的敏感解析，以其对人性的尖锐反讽，以其对人类欲望、恐惧和悔恨等内在世界的准确建构，而成为一部艺术的杰作。\n《面纱》出版后两个月，正在热恋中的陆小曼就读了这部小说，在一九二五年六月二十八日的日记中，陆小曼写道：“因为没有气力所以耽在床上看完一本《The Painted Veil》，看得我心酸万分；虽然我知道我也许不会像书里的女人那样惨的。书中的主角为了爱，从千辛万苦中奋斗，才达到目的；可是欢聚了没有多少日子男的就死了，留下她孤零零的跟着老父苦度残年。摩！你想人间真有那么残忍的事么？我不知道为什么要为故人担忧，平空哭了半天，哭得我至今心里还是一阵阵的隐隐作痛呢！想起你更叫我发抖，但愿不幸的事不要寻到我们头上来……”\n  显然，陆小曼误读了《面纱》，却不幸而预示了她自己后来的命运','2020-11-25 10:18:29',' W.萨默塞特·毛姆'),(665,'白鲸',121,113,120,'长篇',20,'《白鲸》（Moby Dick）是19世纪美国最重要的小说家之一赫尔曼·梅尔维尔（Herman Melville 1819—1891）于1851年发表的一篇海洋题材的小说，小说描写了亚哈船长为了追逐并杀死白鲸（实为白色抹香鲸）莫比·迪克，最终与白鲸同归于尽的故事。故事营造了一种让人置身海上航行、随时遭遇各种危险甚至是死亡的氛围，是作者的代表作。1956年06月27日发行的电影《白鲸记》，就是改编自这篇小说。','2020-11-25 10:18:29','赫尔曼·梅尔维尔'),(666,'乌托邦',118,113,113,'中篇',5,'乌托邦（Utopia）本意为“没有的地方”或者“好地方”。延伸为还有理想，不可能完成的好事情，其中文翻译也可以理解为“乌”是没有，“托”是寄托，“邦”是国家，“乌托邦”三个字合起来的意思即为“空想的国家”。空想社会主义的创始人托马斯·莫尔在他的名著《乌托邦》中虚构了一个航海家航行到一个奇乡异国“乌托邦”的旅行见闻。在那里，财产是公有的，人民是平等的，实行着按需分配的原则，大家穿统一的工作服，在公共餐厅就餐，官吏由秘密投票产生。他认为，私有制是万恶之源，必须消灭它。','2020-11-25 10:18:29','托马斯·莫尔'),(667,'蝇王',118,113,120,'中篇',13,'威廉·戈尔丁（Willeam Gerald Golding）是一位英国小说家，诗人，1983年诺贝尔文学奖得主。他的小说富含寓意，广泛地融入了古典文学，神话，基督教文化以及象征主义。其代表 作《蝇王》（1954年）突出了他一直不停探讨的主题：人类天生的野蛮 与文明的理性的斗争。这部小说使他赢得了世界声誉。','2020-11-25 10:18:29','威廉·戈尔丁'),(668,'论人类不平等的起源',119,2,137,'短篇',15,'在这篇应第戎学院征文而作的论文中，卢俊一方面借助当时有关野蛮人的人类学资料，一方面展开辩证的想像，回顾了人类自然状态向社会状态过渡的历史进程，指南：人类的进步史也就是人类的堕落史：而私有制的确立，是造成人类不平等及其后果的关键环节。这篇论文可谓卢梭整个政治学说的导言。','2020-11-25 10:18:29','卢俊'),(669,'铁皮鼓',6,113,120,'中篇',4,'《铁皮鼓》是诺贝尔文学奖获得者君特·格拉斯的惊世之作，也是一部现代流浪汉的小说，以黑色幽默的虚构故事展示了德国那段最黑暗的历史，格拉斯的时事讽刺辛辣刁钻，让你 不由得想起诗人海涅。1980年，根据本书改编拍摄的同名电影被搬上银幕，并获奥斯卡最佳外语片奖。 1999年10月瑞士文学院在授予格拉斯诺贝尔文学奖时，称“《铁皮鼓》是二战之后世界文学最重要的作品之一”。','2020-11-25 10:18:29','君特·格拉斯'),(670,'威尼斯商人',118,113,116,'长篇',6,'《威尼斯商人》是莎士比亚早期的重要作品，是一部具有极大讽刺性的喜剧。大约作于1596-1597年。剧本的主题是歌颂仁爱、友谊和爱情，同时也反映了资本主义早期商业资产阶级与高利贷者之间的矛盾，表现了作者对资产阶级社会中金钱、法律和宗教等问题的人文主义思想。这部剧作的一个重要文学成就，就是塑造了夏洛克这一惟利是图、冷酷无情的高利贷者的典型形象。','2020-11-25 10:18:29','莎士比亚'),(671,'形而上学',141,140,140,'中篇',5,'《形而上学》是亚里士多德的哲学代表作。原是他在吕克昂学院讲课的讲稿、笔记或学生的记录，亚里士多德去世后，该学院的第11代继承人安德罗尼柯整理亚里士多德的旧稿与 讲义，编纂了当时所能收集到的全部遗稿，把研究自然界运动变化的著作编在一起，取名《物理学》或《自然哲学》，又把一些杂乱的讨论抽象问题的文章编在《物 理学》之后，取名《物理学以后诸篇》。中文译为《形而上学》。','2020-11-25 10:18:29','亚里士多德'),(672,'钦差大臣',113,113,120,'中篇',10,'俄国讽刺作家果戈里的代表作《钦差大臣》，于1836年发表，它改变了当时俄国剧坛上充斥着从法国移植而来的思想浅薄、手法庸俗的闹剧的局面。《钦差大 臣》描写纨绔子弟赫列斯达可夫与人打赌输得精光，正一筹莫展，从彼得堡途经外省某市，被误认为“钦差大臣”，在当地官僚中引起恐慌，闹出许多笑话。果戈理 用喜剧这面镜子照出了当时社会达官显贵们的丑恶原形，从而揭露了农奴制俄国社会的黑暗、腐朽和荒唐反动。','2020-11-25 10:18:29','果戈里'),(673,'罗密欧与朱丽叶',118,113,116,'中篇',7,'《罗密欧与朱丽叶》，英文原名为《The Most Excellent and Lamentable Tragedy of Romeo and Juliet》，简写为《Romeo and Juliet》，是英国剧作家莎士比亚著名的悲剧。\n      《罗密欧与朱丽叶》讲述一对仇视家族中的一男一女戏剧性的相识、相恋，后来遭遇很多打击的考验，没有破坏他们牢固的感情，但最后因为误会双双殉情。双方家族摒弃仇恨，讴歌了人类伟大的爱情以及诠释了世俗的残酷。\n      《罗密欧与朱丽叶》曾被多次改编成歌剧、交响曲、芭蕾舞剧、电影及电视作品。法国作曲家古诺曾将此剧谱写为歌剧，著名的音乐剧《西城故事》亦改编自本剧。 俄国作曲家柴可夫斯基谱有《罗密欧与茱丽叶幻想序曲》，作曲家普罗高菲夫则为该剧编写芭蕾舞乐曲，均获得大众的喜爱。而1996年电影版名为《罗密欧与茱 丽叶 后现代激情篇》由好莱坞艺人莱昂纳多·迪卡普里奥及克莱尔·黛恩斯主演，于1997年柏林影展获得多个奖项。','2020-11-25 10:18:29','莎士比亚'),(674,'白痴',113,113,120,'长篇',13,'《白痴》是陀思妥耶夫斯基重返文坛后的第三部长篇小说，写于一八六七年秋至一八六九年一月。它揭露了资本主义残暴不仁，显示出作者高度的艺术才华。陀思妥 耶夫斯基是俄国19世纪文坛上享有世界声誉的一位小说家，他的创作具有极其复杂、矛盾的性质。陀思妥耶夫斯基擅长心理剖析，尤其是揭示内心分裂。他对人类 肉体与精神痛苦的震撼人心的描写是其他作家难以企及的。他的小说戏剧性强，情节发展快，接踵而至的灾难性事件往往伴随着复杂激烈的心理斗争和痛苦的精神危 机。陀思妥耶夫斯基的善恶矛盾性格组合、深层心理活动描写都对后世作家产生了深刻影响。','2020-11-25 10:18:29','陀思妥耶夫斯基'),(675,'老人与海',121,113,120,'短篇',5,'《老人与海》是海明威的代表作，也是一部象征性的小说。主人公桑提亚哥是一位老渔夫，他经过重重艰险，捕获了“一条不止一千五百磅重的大马林鱼”，但这条大马林鱼却被鲨鱼吃光了，桑提亚哥只拖回了一副鱼的骨架。本作品被称为是影响历史的百部经典之一；美国历史上里程碑式的32本书之一 。是世界文学宝库中的珍品，也是海明威全部创作中的瑰宝。1953年5月4日，海明威以作品《老人与海》获普利策奖。','2020-11-25 10:18:29','海明威'),(676,'雪国',127,113,120,'中篇',20,'《雪国》是日本作家川端康成的第一部中篇小说。它也是作者在被授予诺贝尔文学奖时被评奖委员会提到的三部小说之一。另外两部是《古都》和《千羽鹤》。“穿过县境上长长的隧道，便是雪国。夜空下，大地一片莹白，火车在信号所前停下来。”在这里川端康成用几近吝啬的简洁文字，拉开了《雪国》的序幕。我们也仿佛像书中的主人公岛村，坐了一夜的火车，终于抵达了这个静寂寒冷、给人一种虚幻感觉的天地。《雪国》并没有曲折复杂的情节，也没有什么丰厚深刻的社会主题，故事写的是一位叫岛村的舞蹈艺术研究者，前后三次前往一个北国的山村，与当地一位叫驹子的艺妓及另一位萍水相逢的少女叶子之间的爱情纠葛。故事就是在这一出洁白雪国里不经意地发生、终结','2020-11-25 10:18:29','川端康成'),(677,'铁皮鼓',6,113,120,'短篇',5,'《铁皮鼓》是诺贝尔文学奖获得者君特·格拉斯的惊世之作，也是一部现代流浪汉的小说，以黑色幽默的虚构故事展示了德国那段最黑暗的历史，格拉斯的时事讽刺辛辣刁钻，让你 不由得想起诗人海涅。1980年，根据本书改编拍摄的同名电影被搬上银幕，并获奥斯卡最佳外语片奖。 1999年10月瑞士文学院在授予格拉斯诺贝尔文学奖时，称“《铁皮鼓》是二战之后世界文学最重要的作品之一”。','2020-11-25 10:18:29','君特·格拉斯'),(678,'青鸟',148,113,116,'短篇',15,'《青鸟》是“比利时的莎士比亚”莫里斯·梅特林克的最著名的代表作。《青鸟》 原是直到今天仍在舞台上演出的六幕梦幻剧。后经梅特林克同意，由其妻乔治特·莱勃伦克将该剧改写成童话故事，以便更适合小读者阅读。中篇童话《青鸟》于 1908年发表。作品讲述了两个伐木工人的孩子，代表人类寻找青鸟的过程。本书中，青鸟就是幸福的象征。通过他们一路上的经历，象征性地再现了迄今为止， 人类为了寻找幸福所经历过的全部苦难。','2020-11-25 10:18:29','莫里斯·梅特林克'),(679,'镜花缘',1,113,120,'长篇',7,'《镜花缘》是一部与《西游记》、《封神榜》、《聊斋志异》同辉璀璨、带有浓厚神话色彩、浪漫幻想迷离的中国古典长篇小说。作者清代著名小说家李汝珍以其神幻诙谐的创作手法数经据典，奇妙地勾画出一幅绚丽斑烂的天轮彩图。','2020-11-25 10:18:29','李汝珍'),(680,'富家子弟人上人',1,149,149,'短篇',20,'江门新会最有钱的人，新会第一陈皮批发商，名下资产500亿美元','2020-11-25 10:18:29','李贤劭'),(681,'树上的男爵',124,2,120,'长篇',5,'《树上的男爵》是意大利文学家伊塔洛·卡尔维诺的一篇长篇小说，是《我们的祖先》三部曲之一。小说以传统叙事手法隐喻了现代社会里人的迷失自我、完整性丧失以及焦虑迷茫的生存状态，展现了现代社会中处于生存困境下的人类个体追求自我存在空间和价值的历程。同时在时间轴上，体现了通过对个人自我抉择矢志不移的努力从而达到非个人主义完整道路的主题。小说思维活跃、思想深刻，深刻的刻画了现实的种种弊端，启迪人们对人类的命运和现实社会予以深入思考。','2020-11-25 10:18:29','伊塔洛·卡尔维诺'),(682,'分成两半的子爵',124,2,120,'长篇',6,'《分成两半的子爵》和《不存在的骑士》加上早先的《树上的男爵》，组成了一套充满智慧的寓言似的幻想小说三部曲。它们后来在意大利以“我们的祖先”为标题，重新出版。','2020-11-25 10:18:29','伊塔洛·卡尔维诺'),(683,'不存在的骑士',124,2,120,'长篇',6,'《分成两半的子爵》和《不存在的骑士》加上早先的《树上的男爵》，组成了一套充满智慧的寓言似的幻想小说三部曲。它们后来在意大利以“我们的祖先”为标题，重新出版。','2020-11-25 10:18:29','伊塔洛·卡尔维诺'),(684,'砂之器',127,197,120,'短篇',2,'《砂之器》是日本著名推理小说家松本清张的代表作之一，曾被改编成同名恐怖电影。','2020-11-25 10:18:29','松本清张'),(685,'看不见的城市',124,2,120,'中篇',3,'《看不见的城市》是一本关于马可•波罗给忽必烈汗讲述城市的小说，或者说是关于概念城市的寓言式随笔，是卡尔维诺“在越来越难以把城市当做城市来生活的时刻，献给城市的最后一首爱情诗。”书中描绘了形形色色的城市：记忆的城市、欲望的城市、连绵的城市、符号的城市、贸易的城市、死亡的城市、隐蔽的城市等等，最终忽必烈汗发现所有马可•波罗描绘的城市其实就是一个城市——威尼斯的一个个侧面或片段','2020-11-25 10:18:29','伊塔洛·卡尔维诺'),(686,'零的焦点',127,197,120,'短篇',2,'《零的焦点》与《点与线》、《砂之器》同为世人熟知，被公认为“松本清张三大杰作”。作品沿袭一贯风格，将着眼点放在犯罪动机与社会现实上，将战后日本的社会百态通过一起罕见的案件透视得淋漓尽致而又无限悲凉。','2020-11-25 10:18:29','松本清张'),(687,'点与线',127,197,120,'短篇',3,'《零的焦点》与《点与线》、《砂之器》同为世人熟知，被公认为“松本清张三大杰作”。作品沿袭一贯风格，将着眼点放在犯罪动机与社会现实上，将战后日本的社会百态通过一起罕见的案件透视得淋漓尽致而又无限悲凉。','2020-11-25 10:18:29','松本清张'),(688,'秧歌',1,201,120,'长篇',4,'1952年张爱玲离开上海重返香港，投入美国驻港新闻处，《秧歌》正是她写的第一个长篇。《秧歌》有一段与内容天关的“妙论”，此“妙论”出现在其前夫胡兰成于1958年在日本写的《今生今世》一书中。从时序上说，似乎胡兰成抄袭了《秧歌》，实则是《秧歌》保留的胡兰成的汉奸阴影','2020-11-25 10:18:29','张爱玲'),(689,'干校六记',1,201,113,'短篇',15,'这部作品，体现了中国传统文学“怨而不怒”的宗旨。杨绛和钱钟书的遭遇，虽然比不少受批斗的知识分子要好得多，但到底是一种屈辱，也是人才的浪费，杨绛谈到这段经历，并没有激情的呐喊。虽然说作者怨而不怒，但在字里行间，还是对人性的丑恶有所讽刺，每多言外之音。如“小趋记情”一章，隐然处处以狗和人相对照，人不如狗的婉讽跃然欲出。那种乱世中人与狗互相依傍的情意，也令人感动。又如“凿井记劳”一章，对农民似有所不满，但如果认为这就是对农民或“农民性”的鄙视，无异落入“唯阶级论”的窠臼。作者想说的，其实是人的贤愚好坏，并不应由其出身阶级等先天因素来决定。','2020-11-25 10:18:29','杨绛'),(690,'自私的原因',118,203,113,'中篇',1,'道金斯在《自私的基因》中的突破性贡献在于，把根据自然选择的社会学说的这一重要部分，用简明通俗的形式，妙趣横生的语言介绍给大家，这是第一次。他惊世骇俗地在《自私的基因》中提出：我们生来是自私的。人类窥见了社会关系中基本的对称性和逻辑性，在我们有了更充分的理解之后，我们的政治见解当会重新获得活力，并对心理学的科学研究提供理论上的支柱。在这一过程中，我们也必将对我们受苦受难的许多根源有一个更深刻的理解。','2020-11-25 10:18:29','查德·道金斯在'),(691,'不分手的原因',127,204,120,'中篇',7,'《不分手的理由》是日本小说家，被誉为日本情爱大师的渡边淳一的著名小说。\n丈夫与妻子同时拥有自己的婚外恋人，在情感与家庭的挣扎中，他们经受了爱情的甜蜜，更经受了内心的自责，当他们决心抛弃一切，重新回到家庭时，他们感到他们将再也无法走进对方的心灵。在喧闹的大街拐弯之后，刹那间四周变得寂静无声，黑暗中一排路灯伫立在街头。放眼望去，只有一盏红绿灯在寒空中绽放着鲜红色的光芒。速见修平往前欠身，嘱咐计程车司机行驶至红绿灯时左转。这一带是世田谷的新兴社区，近年来开始兴建，大量的超级市场和公寓，修平目前住的房子也是三年前才盖好的。','2020-11-25 10:18:29','渡边淳一'),(692,'少年天子',1,2,120,'长篇',4,'凌力的代表作品《少年天子》是一部描写清朝入关后第一代皇帝顺治政台生涯与爱情生活的长篇历史小说。小说出版后获第三届茅盾文学奖并被改编成同名电视连续剧。','2020-11-25 10:18:29','凌力'),(693,'张居正',1,2,120,'长篇',5,'张居正是明万历年间曾因厉行改革而彪炳史册的一位传奇人物。当代著名作家熊召政耗十年心血创作的四卷本长篇历史小说《张居正》，荣获第六届茅盾文学奖、湖北省政府图书奖、首届姚雪垠长篇历史小说奖、第五届屈原文学奖。','2020-11-25 10:18:29','熊召政'),(694,'雍正皇帝',1,2,207,'长篇',6,'《雍正皇帝》是二月河“帝王系列”的第二部，它跨越康、雍、乾承先启后数十年历史，成功地描写了雍正皇帝波澜壮阔的一生。 雍正皇帝是中国历史上极有作为的皇帝之一，也是最有争议的皇帝之一，从他的登基到他的去世，都盛行着各种各样的传说。几百年来，雍正皇帝的头上一直笼罩 着神秘莫测、扑朔迷离的疑团。作为创建了清王朝“康乾盛世”的三位杰出帝王之一，雍正生活在两位执政时间最长的皇帝即在位61年的康熙大帝和在位60年的 风流天子乾隆之间，犹如耸立在两座高峰之间的又一座高峰，他承先启后，是“康乾盛世”中功不可没的一代帝王。','2020-11-25 10:18:29','二月河'),(697,'我们的荆轲',1,113,116,'中篇',8,'话剧《我们的荆轲》由作家莫言编剧，导演任鸣执导，由北京人艺演员王斑、王雷、于震、宋轶等人主演，以现代视角再现历史故事，新鲜而犀利地重新解读了“荆轲刺秦” 这一中国人家喻户晓的故事，曾一举拿下中国话剧“金狮奖”的最佳剧目奖和优秀编剧奖。','2020-11-25 10:18:29','莫言'),(698,'兄弟',1,111,2,'长篇',3,'讲述一个兄弟的故事','2020-11-26 01:17:05','余华'),(699,'西游记',1,2,2,'长篇',15,'《西游记》是中国古代第一部浪漫主义章回体长篇神魔小说。现存明刊百回本《西游记》均无作者署名。清代学者吴玉搢等首先提出《西游记》作者是明代吴承恩。 [1] \n全书主要描写了孙悟空出世及大闹天宫后，遇见了唐僧、猪八戒、沙僧和白龙马，西行取经，一路上历经艰险、降妖伏魔，经历了九九八十一难，终于到达西天见到如来佛祖，最终五圣成真的故事。该小说以“唐僧取经”这一历史事件为蓝本，通过作者的艺术加工，深刻地描绘了明代社会现实。\n《西游记》是中国神魔小说的经典之作，达到了古代长篇浪漫主义小说的巅峰，与《三国演义》《水浒传》《红楼梦》并称为中国古典四大名著','2020-11-26 01:47:42','吴承恩'),(700,'水浒传',1,2,2,'长篇',10,'《水浒传》是元末明初施耐庵（现存刊本署名大多有施耐庵、罗贯中两人中的一人，或两人皆有）编著的章回体长篇小说。\n全书通过描写梁山好汉反抗欺压、水泊梁山壮大和受宋朝招安，以及受招安后为宋朝征战，最终消亡的宏大故事，艺术地反映了中国历史上宋江起义从发生、发展直至失败的全过程，深刻揭示了起义的社会根源，满腔热情地歌颂了起义英雄的反抗斗争和他们的社会理想，也具体揭示了起义失败的内在历史原因。\n《水浒传》是中国古典四大名著之一，问世后，在社会上产生了巨大的影响，成了后世中国小说创作的典范。《水浒传》是中国历史上最早用白话文写成的章回小说之一，流传极广，脍炙人口；同时也是汉语言文学中具备史诗特征的作品之一，对中国乃至东亚的叙事文学都有深远的影响','2020-11-26 01:47:42','施耐庵'),(701,'三国演义',1,2,2,'中篇',10,'《三国演义》（全名为《三国志通俗演义》，又称《三国志演义》）是元末明初小说家罗贯中创作的长篇章回体历史演义小说。该作品成书后有嘉靖壬午本等多个版本传于世，到了明末清初，毛宗岗对《三国演义》整顿回目、修正文辞、改换诗文。 [1] \n《三国演义》描写了从东汉末年到西晋初年之间近百年的历史风云，以描写战争为主，诉说了东汉末年的群雄割据混战和魏、蜀、吴三国之间的政治和军事斗争，最终司马炎一统三国，建立晋朝的故事。反映了三国时代各类社会斗争与矛盾的转化，并概括了这一时代的历史巨变，塑造了一群叱咤风云的三国英雄人物。\n全书可大致分为黄巾起义、董卓之乱、群雄逐鹿、三国鼎立、三国归晋五大部分。在广阔的历史舞台上，表现了一幕幕气势磅礴的战争场面。作者罗贯中将兵法三十六计融于字里行间，既有情节，也有兵法韬略。\n《三国演义》是中国文学史上第一部章回小说，是历史演义小说的开山之作，也是第一部文人长篇小说， [2]  中国古典四大名著之一','2020-11-26 01:47:42','罗贯中'),(702,'红楼梦',1,2,2,'中篇',25,'《红楼梦》，中国古代章回体长篇小说，中国古典四大名著之一，一般认为是清代作家曹雪芹所著。小说以贾、史、王、薛四大家族的兴衰为背景，以富贵公子贾宝玉为视角，以贾宝玉与林黛玉、薛宝钗的爱情婚姻悲剧为主线，描绘了一批举止见识出于须眉之上的闺阁佳人的人生百态，展现了真正的人性美和悲剧美，可以说是一部从各个角度展现女性美以及中国古代社会世态百相的史诗性著作。\n《红楼梦》版本有120回“程本”和80回“脂本”两大系统。程本为程伟元排印的印刷本，脂本为脂砚斋在不同时期抄评的早期手抄本。脂本是程本的底本。\n《红楼梦》是一部具有世界影响力的人情小说，举世公认的中国古典小说巅峰之作，中国封建社会的百科全书，传统文化的集大成者。小说以“大旨谈情，实录其事”自勉，只按自己的事体情理，按迹循踪，摆脱旧套，新鲜别致，取得了非凡的艺术成就。“真事隐去，假语村言”的特殊笔法更是令后世读者脑洞大开，揣测之说久而遂多。二十世纪以来，学术界因《红楼梦》异常出色的艺术成就和丰富深刻的思想底蕴而产生了以《红楼梦》为研究对象的专门学问——红学','2020-11-26 01:47:42','曹雪芹'),(703,'钢铁是怎样练成的',111,5,2,'长篇',15,'《钢铁是怎样炼成的》是前苏联作家尼古拉·奥斯特洛夫斯基所著的一部长篇小说，于1933年写成。\n小说通过记叙保尔·柯察金的成长道路告诉人们，一个人只有在革命的艰难困苦中战胜敌人也战胜自己，只有在把自己的追求和祖国、人民的利益联系在一起的时候，才会创造出奇迹，才会成长为钢铁战士。 [1] \n2020年4月，列入《教育部基础教育课程教材发展中心 中小学生阅读指导目录（2020年版）》初中段。','2020-11-26 01:47:42','尼古拉奥斯特洛夫斯基'),(704,'平凡的世界',1,111,111,'长篇',10,'《平凡的世界》是中国作家路遥创作的一部全景式地表现中国当代城乡社会生活的百万字长篇小说。全书共三部。1986年12月首次出版。\n该书以中国70年代中期到80年代中期十年间为背景，通过复杂的矛盾纠葛，以孙少安和孙少平两兄弟为中心，刻画了当时社会各阶层众多普通人的形象；劳动与爱情、挫折与追求、痛苦与欢乐、日常生活与巨大社会冲突纷繁地交织在一起，深刻地展示了普通人在大时代历史进程中所走过的艰难曲折的道路。','2020-11-26 01:47:42','路遥'),(705,'日瓦戈医生',113,2,2,'短篇',8,' 《日瓦戈医生》是一部知识分子的命运史，小说波及了1903年夏到40年代末近半个世纪的俄国历史上的重大事件，触及了道德、政治、哲学、美学、社会、宗 教等一系列问题，是二十世纪俄罗斯文学史上为数不多的具有广阔的历史容量、社会生活与精神生活容量的长篇作品。 帕斯捷尔纳克因 《日瓦戈医生》于1958年获诺贝尔文学奖','2020-11-26 01:47:43','鲍里斯·帕斯捷尔纳克'),(706,'呐喊',1,113,113,'短篇',13,'《呐喊》，是鲁迅的短篇小说集，作品真实地描绘了从辛亥革命到五四时期的社会生活，揭示了种种深层次的社会矛盾，对中国旧有制度及陈腐的传统观念进行了深刻的剖析和比较彻底的否定。1923年8月3日，鲁迅出版小说集《呐喊》。','2020-11-26 01:47:43','鲁迅'),(707,'亮剑',1,114,114,'中篇',7,'都梁的代表作《亮剑》是一部战争艺术和传奇色彩融会贯通的经典主旋律作品。爱国精神与英雄主义、铁血丹心与人世常情、斗智与斗勇、友情与爱情交相辉映是本书的特色。《亮剑》因改编成同名热播剧而声名大噪。','2020-11-26 01:47:43','李海鹰'),(708,'朝花夕拾',1,113,113,'长篇',12,'《朝花夕拾》是鲁迅先生的一本散文集，收入鲁迅先生1926年所作回忆散文共10篇。其中前五篇写于北京，后五篇写于厦门。最初陆续发表于《莽原》半月 刊，以《旧事重提》为总题。1927年7月，鲁迅添写《小引》和《后记》，将它们结集出版，改名为《朝花夕拾》。第一版由北京未名社1928年９月出版， 为鲁迅自己所编的《未名新集》之一。1932年9月改由上海北新书局重排出版。《朝花夕拾》中的散文都是鲁迅回忆往事的作品，从中可以看出鲁迅的成长道 路。它们文笔优美，感情深沉，都是散文中的佳品。','2020-11-26 01:47:43','鲁迅'),(709,'雷雨',1,116,116,'短篇',18,'《雷雨》原作者曹禺，该剧完全运用了三一律的戏剧结构，描写了两个家庭中的八个人物在短短一天之内发生的故事，却牵扯了周鲁两家几十年的恩恩怨 怨。本剧情节扣人心弦，语言简练含蓄，人物各具性格特点，潜台词极为丰富。《雷雨》是戏剧家曹禺的第一部作品，也是中国现代话剧成熟的标志。','2020-11-26 01:47:43','曹禺'),(710,'德伯家的苔丝',118,117,113,'短篇',6,'《德伯家的苔丝》是哈代的代表作，它描写了一位农村姑娘的悲惨命运。哈代在小说的副标题中称女主人公为“一个纯洁的女人”，公开地向维多利亚时代虚伪的社 会道德挑战。《德伯家的苔丝》这部作品不仅在作者本国，而且在世界范围，久为广大读者所喜爱，为专业研究人士所瞩目，为电影、戏剧界的艺术家们所礼遇。','2020-11-26 01:47:43','哈代'),(711,'九三年',119,113,113,'长篇',15,'《九三年》是法国著名小说家雨果的最后一部长篇小说。 雨果在小说中塑造了旺代叛军首领朗德纳克侯爵及其侄孙、镇压叛乱的共和军司令郭文，以及郭文的家庭教师、公安委员会特派员西穆尔登这三个中心人物，围绕他们展开了错综复杂的情节，描绘了资产阶级和封建势力在一七九三年进行殊死搏斗的历史场面。小说结尾：朗德纳克因良心发现，返回大火焚烧中的城堡救出三个孩子，郭文为叔祖的人道精神所感动，情愿用自己的头颅换取朗德纳克的生命，西穆尔登丹则在郭文人头落地的同时开枪自杀。','2020-11-26 01:47:43','雨果'),(712,'梁书',1,119,119,'中篇',12,'《梁书》，记述南朝萧梁一代历史的纪传体史书。唐姚思廉撰，含本纪六卷，列传五十卷，共五十六卷。贞观初，姚思廉任着作郎、弘文馆学士。后官至散骑常侍。三年(629)，奉诏撰梁、陈二史，贞观十年撰成《梁书》。《宋书》未立文学传。《南齐书》和《陈书》各有文学一卷，而《梁书》文学传两卷，共收二十五人，反映了梁代文学的兴盛。','2020-11-26 01:47:43','姚思廉'),(713,'天才',121,113,120,'中篇',18,'《天才》是美国自然主义文学大师西奥多·德莱塞最满意的作品。\n本书主人公尤金，是一位正直、诚实的小镇青年。他聪明、刻苦、热爱艺术，喜爱大自然。他极富幻想，不安于现状。于是他来到大都市寻求发展，一心要实现自己的梦想。从芝加哥到纽约，从成名为商界巨子又沦落到声名狼藉，荀且偷生。故事情节十分曲折，充满了戏剧性的人生变化。','2020-11-26 01:47:43','德莱塞'),(714,'不成问题的问题',1,113,113,'短篇',6,'《不成问题的问题》是老舍先生发表于1943年的短篇小说。讲述的是中国抗日战争时期大后方的树华农场在主任丁务源的管理下走向衰败的故事。','2020-11-26 01:47:43','老舍'),(715,'魔山',6,113,120,'中篇',9,'《魔山》是诺贝尔文学奖获得者托马斯·曼的代表作。小说以一个疗养院为中心，描写了欧洲许多封建贵族，其中有普鲁士军官、俄国贵妇人、荷兰殖民者、天主教徒……他们都是社会的寄生虫。整个疗养院弥漫着病态的、垂死的气氛。作品通过人物之间的思想冲突，揭示出颓废主义和法西斯主义的血缘关系','2020-11-26 01:47:43','托马斯·曼'),(716,'树上的男爵',124,113,113,'长篇',19,'《树上的男爵》是意大利文学家伊塔洛·卡尔维诺的一篇长篇小说，是《我们的祖先》三部曲之一。小说以传统叙事手法隐喻了现代社会里人的迷失自我、完整性丧失以及焦虑迷茫的生存状态，展现了现代社会中处于生存困境下的人类个体追求自我存在空间和价值的历程。同时在时间轴上，体现了通过对个人自我抉择矢志不移的努力从而达到非个人主义完整道路的主题。小说思维活跃、思想深刻，深刻的刻画了现实的种种弊端，启迪人们对人类的命运和现实社会予以深入思考。','2020-11-26 01:47:43','西奥多·德莱塞'),(717,'美国的悲剧',121,113,120,'中篇',20,'西奥多德莱塞（1871-1945）是美国现代小说的先驱和代表作家,被认为是同海明威、福克纳并列的美国现代小说的三巨头之一。《美国的悲剧》是西奥多·德莱塞最为重要的作品。这部小说共分三卷。故事以一个普通美国青年克莱德·格里菲斯短促的一生为线索，将美国现代社会生活的众多画面交织进去。著名奥斯卡得奖电影\"A Place in the Sun\" (1951)就是根据这部小说改编的。\n在艺术上，德莱塞成功的将弗洛伊德学说运用在小说中，对主人公的性意识、下意识、幻觉、梦境等恰当的表现出来，以此展示克莱德成为美国资本垄断社会人生哲学俘虏的过程。','2020-11-26 01:47:43','西奥多·德莱塞'),(718,'怨女',1,113,120,'短篇',21,'《怨女》作者张爱玲，被誉为“文坛最美的收获之一”。这部作品是在小说《金锁记》原有情节人物的基础上的改编。更换了一些人物的姓名，比较详细的交待了女主角出嫁前的情况，扩充了女主角与小叔的故事、女主角儿子的故事，删去她女儿的故事，其他的框架基本没有改变。','2020-11-26 01:47:43','张爱玲'),(719,'人间失格',127,113,120,'短篇',17,'《人间失格》（又名《丧失为人的资格》）日本著名小说家太宰治最具影响力的小说作品，发表于1948年，是一部自传体的小说。纤细的自传体中透露出极致的颓废，毁灭式的绝笔之作。太宰治巧妙地将自己的人生与思想，隐藏于主角叶藏的人生遭遇，藉由叶藏的独白，窥探太宰治的内心世界——“充满了可耻的一生”。在发表该作品的同年，太宰治自杀身亡。','2020-11-26 01:47:43','太宰治'),(720,'飘',121,113,120,'中篇',12,'《飘》是美国女作家玛格丽特·米切尔（1900—1949）十年磨一剑的作品，也是惟一的作品。小说以亚特兰大以及附近的一个种植园为故事场景，描绘了内战前后美国南方人的生活。作品刻画了那个时代的许多南方人的形象，占中心位置的斯佳丽、瑞德、艾希礼、梅勒妮等人是其中的典型代表。他们的习俗礼仪、言行举止、精神观念、政治态度，通过对斯佳丽与白瑞德的爱情纠缠为主线，成功地再现了林肯领导的南北战争，美国南方地区的社会生活','2020-11-26 01:47:43','玛格丽特·米切尔'),(721,'追风筝的人',129,113,120,'短篇',18,'《追风筝的人》是阿富汗斯坦作家卡勒德·胡赛尼（Khaled Hosseini）的第一部小说，于2003年出版，是美国2005年的排名第三的最畅销书。\n全书围绕风筝与阿富汗两个少年之间展开，一个富家少年与家中仆人关于风筝的故事，关于人性的背叛与救赎','2020-11-26 01:47:43','卡勒德·胡赛尼'),(722,'秧歌',1,113,120,'长篇',9,'1952年张爱玲离开上海重返香港，投入美国驻港新闻处，《秧歌》正是她写的第一个长篇。《秧歌》有一段与内容天关的“妙论”，此“妙论”出现在其前夫胡兰成于1958年在日本写的《今生今世》一书中。从时序上说，似乎胡兰成抄袭了《秧歌》，实则是《秧歌》保留的胡兰成的汉奸阴影','2020-11-26 01:47:43','张爱玲'),(723,'牧羊少年奇幻之旅',131,130,120,'长篇',4,'《牧羊少年奇幻之旅》是巴西著名作家保罗·柯艾略的经典寓言式小说。小说运用富含哲理和诗意的语言讲述了牧羊少年圣地亚哥追寻宝藏的奇幻冒险故事，极具启发性和励志意义。\n小说自1988年出版后，便风靡全球，畅销160多个国家，登上20多个国家畅销榜第1名，荣获33项国际大奖，已经被翻译成68种语言，是当今在世作家作品中被翻译最多的小说。全球销量超过6500万册，是历史上最畅销的葡萄牙语小说。这部小说被誉为20世纪最重要的文学现象之一。','2020-11-26 01:47:43','保罗·柯艾略'),(724,'我们仨',1,113,120,'长篇',12,'钱氏夫妇在学界德高望重，《围城》、《洗澡》两部畅销书更令他们声名远播。然而，人们对其家庭生活却不甚了解。1998年，钱先生的逝世使文化界深感悲痛。但罕为人知的是他和杨女士唯一的女儿钱瑗已于此前（1997年）先他们而去。一生的伴侣、唯一的女儿相继离去，杨女士晚年之情景非常人所能体味。在人生的伴侣离去四年后，92岁高龄的杨女士用心记述了他们这个特殊家庭63年的风风雨雨、点点滴滴，结成回忆录《我们仨》。本书分为两部分。第一部分中，杨女士以其一贯的慧心、独特的笔法，用梦境的形式讲述了最后几年中一家三口相依为命的情感体验。第二部分，以平实感人的文字记录了自1935年伉俪二人赴英国留学，并在牛津喜得爱女，直至1998年钱先生逝世63年间这个家庭鲜为人知的坎坷历程。他们的足迹跨过半个地球，穿越风云多变的半个世纪：战火、疾病、政治风暴，生离死别……','2020-11-26 01:47:43','钱氏夫妇'),(725,'红楼梦魇',1,132,113,'长篇',20,'《红楼梦魇》是张爱玲旅居美国研究《红楼梦》十年的心血结晶，亦是一部学术考据之作。\n像张爱玲这样一位作家，用十年时间，对《红楼梦》作如此近乎繁琐的考据，似乎真是“梦魇”一般奇特。\n不过，喜爱张氏作品的人都知道，她实在与这部中国有史以来最伟大的小说有太深太深的关系，她从小就爱读《红楼梦》，以后每隔几年又重读一次，对，红楼梦》真到“熟读”的程度，“不同的本子不用留神看，稍微眼生点的字自会蹦出来。”\n她少年时代就模仿《红楼梦》写过作品，以后她的写作品如《金锁记》等，意境、手法、语言，都得《红楼梦》之真传。\n难怪她醉心于《红楼梦》世界的一切，甚至是：“偶偶指逆，事无大小，只要‘详’一会儿，红楼梦》就好了。”《红楼梦》已经这样融入她的生命和生活之中。真是要了解张爱玲，不可不了解这一点。','2020-11-26 01:47:43','张爱玲'),(726,'面纱',118,113,120,'短篇',10,'《面纱》是英国作家 W.萨默塞特·毛姆创作的一部女性精神觉醒经典之作，同时也是其最具争议的一部作品。《面纱》以其悲天悯人的情感关照，以其对道德冲突的敏感解析，以其对人性的尖锐反讽，以其对人类欲望、恐惧和悔恨等内在世界的准确建构，而成为一部艺术的杰作。\n《面纱》出版后两个月，正在热恋中的陆小曼就读了这部小说，在一九二五年六月二十八日的日记中，陆小曼写道：“因为没有气力所以耽在床上看完一本《The Painted Veil》，看得我心酸万分；虽然我知道我也许不会像书里的女人那样惨的。书中的主角为了爱，从千辛万苦中奋斗，才达到目的；可是欢聚了没有多少日子男的就死了，留下她孤零零的跟着老父苦度残年。摩！你想人间真有那么残忍的事么？我不知道为什么要为故人担忧，平空哭了半天，哭得我至今心里还是一阵阵的隐隐作痛呢！想起你更叫我发抖，但愿不幸的事不要寻到我们头上来……”\n  显然，陆小曼误读了《面纱》，却不幸而预示了她自己后来的命运','2020-11-26 01:47:43',' W.萨默塞特·毛姆'),(727,'白鲸',121,113,120,'长篇',20,'《白鲸》（Moby Dick）是19世纪美国最重要的小说家之一赫尔曼·梅尔维尔（Herman Melville 1819—1891）于1851年发表的一篇海洋题材的小说，小说描写了亚哈船长为了追逐并杀死白鲸（实为白色抹香鲸）莫比·迪克，最终与白鲸同归于尽的故事。故事营造了一种让人置身海上航行、随时遭遇各种危险甚至是死亡的氛围，是作者的代表作。1956年06月27日发行的电影《白鲸记》，就是改编自这篇小说。','2020-11-26 01:47:43','赫尔曼·梅尔维尔'),(728,'乌托邦',118,113,113,'中篇',5,'乌托邦（Utopia）本意为“没有的地方”或者“好地方”。延伸为还有理想，不可能完成的好事情，其中文翻译也可以理解为“乌”是没有，“托”是寄托，“邦”是国家，“乌托邦”三个字合起来的意思即为“空想的国家”。空想社会主义的创始人托马斯·莫尔在他的名著《乌托邦》中虚构了一个航海家航行到一个奇乡异国“乌托邦”的旅行见闻。在那里，财产是公有的，人民是平等的，实行着按需分配的原则，大家穿统一的工作服，在公共餐厅就餐，官吏由秘密投票产生。他认为，私有制是万恶之源，必须消灭它。','2020-11-26 01:47:43','托马斯·莫尔'),(729,'蝇王',118,113,120,'中篇',13,'威廉·戈尔丁（Willeam Gerald Golding）是一位英国小说家，诗人，1983年诺贝尔文学奖得主。他的小说富含寓意，广泛地融入了古典文学，神话，基督教文化以及象征主义。其代表 作《蝇王》（1954年）突出了他一直不停探讨的主题：人类天生的野蛮 与文明的理性的斗争。这部小说使他赢得了世界声誉。','2020-11-26 01:47:43','威廉·戈尔丁'),(730,'论人类不平等的起源',119,2,137,'短篇',15,'在这篇应第戎学院征文而作的论文中，卢俊一方面借助当时有关野蛮人的人类学资料，一方面展开辩证的想像，回顾了人类自然状态向社会状态过渡的历史进程，指南：人类的进步史也就是人类的堕落史：而私有制的确立，是造成人类不平等及其后果的关键环节。这篇论文可谓卢梭整个政治学说的导言。','2020-11-26 01:47:43','卢俊'),(731,'铁皮鼓',6,113,120,'中篇',4,'《铁皮鼓》是诺贝尔文学奖获得者君特·格拉斯的惊世之作，也是一部现代流浪汉的小说，以黑色幽默的虚构故事展示了德国那段最黑暗的历史，格拉斯的时事讽刺辛辣刁钻，让你 不由得想起诗人海涅。1980年，根据本书改编拍摄的同名电影被搬上银幕，并获奥斯卡最佳外语片奖。 1999年10月瑞士文学院在授予格拉斯诺贝尔文学奖时，称“《铁皮鼓》是二战之后世界文学最重要的作品之一”。','2020-11-26 01:47:43','君特·格拉斯'),(732,'威尼斯商人',118,113,116,'长篇',6,'《威尼斯商人》是莎士比亚早期的重要作品，是一部具有极大讽刺性的喜剧。大约作于1596-1597年。剧本的主题是歌颂仁爱、友谊和爱情，同时也反映了资本主义早期商业资产阶级与高利贷者之间的矛盾，表现了作者对资产阶级社会中金钱、法律和宗教等问题的人文主义思想。这部剧作的一个重要文学成就，就是塑造了夏洛克这一惟利是图、冷酷无情的高利贷者的典型形象。','2020-11-26 01:47:43','莎士比亚'),(733,'形而上学',141,140,140,'中篇',5,'《形而上学》是亚里士多德的哲学代表作。原是他在吕克昂学院讲课的讲稿、笔记或学生的记录，亚里士多德去世后，该学院的第11代继承人安德罗尼柯整理亚里士多德的旧稿与 讲义，编纂了当时所能收集到的全部遗稿，把研究自然界运动变化的著作编在一起，取名《物理学》或《自然哲学》，又把一些杂乱的讨论抽象问题的文章编在《物 理学》之后，取名《物理学以后诸篇》。中文译为《形而上学》。','2020-11-26 01:47:43','亚里士多德'),(734,'钦差大臣',113,113,120,'中篇',10,'俄国讽刺作家果戈里的代表作《钦差大臣》，于1836年发表，它改变了当时俄国剧坛上充斥着从法国移植而来的思想浅薄、手法庸俗的闹剧的局面。《钦差大 臣》描写纨绔子弟赫列斯达可夫与人打赌输得精光，正一筹莫展，从彼得堡途经外省某市，被误认为“钦差大臣”，在当地官僚中引起恐慌，闹出许多笑话。果戈理 用喜剧这面镜子照出了当时社会达官显贵们的丑恶原形，从而揭露了农奴制俄国社会的黑暗、腐朽和荒唐反动。','2020-11-26 01:47:43','果戈里'),(735,'罗密欧与朱丽叶',118,113,116,'中篇',7,'《罗密欧与朱丽叶》，英文原名为《The Most Excellent and Lamentable Tragedy of Romeo and Juliet》，简写为《Romeo and Juliet》，是英国剧作家莎士比亚著名的悲剧。\n      《罗密欧与朱丽叶》讲述一对仇视家族中的一男一女戏剧性的相识、相恋，后来遭遇很多打击的考验，没有破坏他们牢固的感情，但最后因为误会双双殉情。双方家族摒弃仇恨，讴歌了人类伟大的爱情以及诠释了世俗的残酷。\n      《罗密欧与朱丽叶》曾被多次改编成歌剧、交响曲、芭蕾舞剧、电影及电视作品。法国作曲家古诺曾将此剧谱写为歌剧，著名的音乐剧《西城故事》亦改编自本剧。 俄国作曲家柴可夫斯基谱有《罗密欧与茱丽叶幻想序曲》，作曲家普罗高菲夫则为该剧编写芭蕾舞乐曲，均获得大众的喜爱。而1996年电影版名为《罗密欧与茱 丽叶 后现代激情篇》由好莱坞艺人莱昂纳多·迪卡普里奥及克莱尔·黛恩斯主演，于1997年柏林影展获得多个奖项。','2020-11-26 01:47:43','莎士比亚'),(736,'白痴',113,113,120,'长篇',13,'《白痴》是陀思妥耶夫斯基重返文坛后的第三部长篇小说，写于一八六七年秋至一八六九年一月。它揭露了资本主义残暴不仁，显示出作者高度的艺术才华。陀思妥 耶夫斯基是俄国19世纪文坛上享有世界声誉的一位小说家，他的创作具有极其复杂、矛盾的性质。陀思妥耶夫斯基擅长心理剖析，尤其是揭示内心分裂。他对人类 肉体与精神痛苦的震撼人心的描写是其他作家难以企及的。他的小说戏剧性强，情节发展快，接踵而至的灾难性事件往往伴随着复杂激烈的心理斗争和痛苦的精神危 机。陀思妥耶夫斯基的善恶矛盾性格组合、深层心理活动描写都对后世作家产生了深刻影响。','2020-11-26 01:47:43','陀思妥耶夫斯基'),(737,'老人与海',121,113,120,'短篇',5,'《老人与海》是海明威的代表作，也是一部象征性的小说。主人公桑提亚哥是一位老渔夫，他经过重重艰险，捕获了“一条不止一千五百磅重的大马林鱼”，但这条大马林鱼却被鲨鱼吃光了，桑提亚哥只拖回了一副鱼的骨架。本作品被称为是影响历史的百部经典之一；美国历史上里程碑式的32本书之一 。是世界文学宝库中的珍品，也是海明威全部创作中的瑰宝。1953年5月4日，海明威以作品《老人与海》获普利策奖。','2020-11-26 01:47:43','海明威'),(738,'雪国',127,113,120,'中篇',20,'《雪国》是日本作家川端康成的第一部中篇小说。它也是作者在被授予诺贝尔文学奖时被评奖委员会提到的三部小说之一。另外两部是《古都》和《千羽鹤》。“穿过县境上长长的隧道，便是雪国。夜空下，大地一片莹白，火车在信号所前停下来。”在这里川端康成用几近吝啬的简洁文字，拉开了《雪国》的序幕。我们也仿佛像书中的主人公岛村，坐了一夜的火车，终于抵达了这个静寂寒冷、给人一种虚幻感觉的天地。《雪国》并没有曲折复杂的情节，也没有什么丰厚深刻的社会主题，故事写的是一位叫岛村的舞蹈艺术研究者，前后三次前往一个北国的山村，与当地一位叫驹子的艺妓及另一位萍水相逢的少女叶子之间的爱情纠葛。故事就是在这一出洁白雪国里不经意地发生、终结','2020-11-26 01:47:43','川端康成'),(739,'铁皮鼓',6,113,120,'短篇',5,'《铁皮鼓》是诺贝尔文学奖获得者君特·格拉斯的惊世之作，也是一部现代流浪汉的小说，以黑色幽默的虚构故事展示了德国那段最黑暗的历史，格拉斯的时事讽刺辛辣刁钻，让你 不由得想起诗人海涅。1980年，根据本书改编拍摄的同名电影被搬上银幕，并获奥斯卡最佳外语片奖。 1999年10月瑞士文学院在授予格拉斯诺贝尔文学奖时，称“《铁皮鼓》是二战之后世界文学最重要的作品之一”。','2020-11-26 01:47:43','君特·格拉斯'),(740,'青鸟',148,113,116,'短篇',15,'《青鸟》是“比利时的莎士比亚”莫里斯·梅特林克的最著名的代表作。《青鸟》 原是直到今天仍在舞台上演出的六幕梦幻剧。后经梅特林克同意，由其妻乔治特·莱勃伦克将该剧改写成童话故事，以便更适合小读者阅读。中篇童话《青鸟》于 1908年发表。作品讲述了两个伐木工人的孩子，代表人类寻找青鸟的过程。本书中，青鸟就是幸福的象征。通过他们一路上的经历，象征性地再现了迄今为止， 人类为了寻找幸福所经历过的全部苦难。','2020-11-26 01:47:43','莫里斯·梅特林克'),(741,'镜花缘',1,113,120,'长篇',7,'《镜花缘》是一部与《西游记》、《封神榜》、《聊斋志异》同辉璀璨、带有浓厚神话色彩、浪漫幻想迷离的中国古典长篇小说。作者清代著名小说家李汝珍以其神幻诙谐的创作手法数经据典，奇妙地勾画出一幅绚丽斑烂的天轮彩图。','2020-11-26 01:47:43','李汝珍'),(742,'富家子弟人上人',6,149,149,'短篇',20,'江门新会最有钱的人，新会第一陈皮批发商，名下资产500亿美元','2020-11-26 01:47:43','李贤劭'),(743,'树上的男爵',124,2,120,'长篇',5,'《树上的男爵》是意大利文学家伊塔洛·卡尔维诺的一篇长篇小说，是《我们的祖先》三部曲之一。小说以传统叙事手法隐喻了现代社会里人的迷失自我、完整性丧失以及焦虑迷茫的生存状态，展现了现代社会中处于生存困境下的人类个体追求自我存在空间和价值的历程。同时在时间轴上，体现了通过对个人自我抉择矢志不移的努力从而达到非个人主义完整道路的主题。小说思维活跃、思想深刻，深刻的刻画了现实的种种弊端，启迪人们对人类的命运和现实社会予以深入思考。','2020-11-26 01:47:43','伊塔洛·卡尔维诺'),(744,'分成两半的子爵',124,2,120,'长篇',6,'《分成两半的子爵》和《不存在的骑士》加上早先的《树上的男爵》，组成了一套充满智慧的寓言似的幻想小说三部曲。它们后来在意大利以“我们的祖先”为标题，重新出版。','2020-11-26 01:47:43','伊塔洛·卡尔维诺'),(745,'不存在的骑士',124,2,120,'长篇',7,'《分成两半的子爵》和《不存在的骑士》加上早先的《树上的男爵》，组成了一套充满智慧的寓言似的幻想小说三部曲。它们后来在意大利以“我们的祖先”为标题，重新出版。','2020-11-26 01:47:43','伊塔洛·卡尔维诺'),(746,'砂之器',127,197,120,'短篇',2,'《砂之器》是日本著名推理小说家松本清张的代表作之一，曾被改编成同名恐怖电影。','2020-11-26 01:47:43','松本清张'),(747,'看不见的城市',124,2,120,'中篇',3,'《看不见的城市》是一本关于马可•波罗给忽必烈汗讲述城市的小说，或者说是关于概念城市的寓言式随笔，是卡尔维诺“在越来越难以把城市当做城市来生活的时刻，献给城市的最后一首爱情诗。”书中描绘了形形色色的城市：记忆的城市、欲望的城市、连绵的城市、符号的城市、贸易的城市、死亡的城市、隐蔽的城市等等，最终忽必烈汗发现所有马可•波罗描绘的城市其实就是一个城市——威尼斯的一个个侧面或片段','2020-11-26 01:47:43','伊塔洛·卡尔维诺'),(748,'零的焦点',127,197,120,'短篇',2,'《零的焦点》与《点与线》、《砂之器》同为世人熟知，被公认为“松本清张三大杰作”。作品沿袭一贯风格，将着眼点放在犯罪动机与社会现实上，将战后日本的社会百态通过一起罕见的案件透视得淋漓尽致而又无限悲凉。','2020-11-26 01:47:43','松本清张'),(749,'点与线',127,197,120,'短篇',3,'《零的焦点》与《点与线》、《砂之器》同为世人熟知，被公认为“松本清张三大杰作”。作品沿袭一贯风格，将着眼点放在犯罪动机与社会现实上，将战后日本的社会百态通过一起罕见的案件透视得淋漓尽致而又无限悲凉。','2020-11-26 01:47:43','松本清张'),(750,'秧歌',1,201,120,'长篇',4,'1952年张爱玲离开上海重返香港，投入美国驻港新闻处，《秧歌》正是她写的第一个长篇。《秧歌》有一段与内容天关的“妙论”，此“妙论”出现在其前夫胡兰成于1958年在日本写的《今生今世》一书中。从时序上说，似乎胡兰成抄袭了《秧歌》，实则是《秧歌》保留的胡兰成的汉奸阴影','2020-11-26 01:47:43','张爱玲'),(751,'干校六记',1,201,113,'短篇',15,'这部作品，体现了中国传统文学“怨而不怒”的宗旨。杨绛和钱钟书的遭遇，虽然比不少受批斗的知识分子要好得多，但到底是一种屈辱，也是人才的浪费，杨绛谈到这段经历，并没有激情的呐喊。虽然说作者怨而不怒，但在字里行间，还是对人性的丑恶有所讽刺，每多言外之音。如“小趋记情”一章，隐然处处以狗和人相对照，人不如狗的婉讽跃然欲出。那种乱世中人与狗互相依傍的情意，也令人感动。又如“凿井记劳”一章，对农民似有所不满，但如果认为这就是对农民或“农民性”的鄙视，无异落入“唯阶级论”的窠臼。作者想说的，其实是人的贤愚好坏，并不应由其出身阶级等先天因素来决定。','2020-11-26 01:47:43','杨绛'),(752,'自私的原因',118,203,113,'中篇',3,'道金斯在《自私的基因》中的突破性贡献在于，把根据自然选择的社会学说的这一重要部分，用简明通俗的形式，妙趣横生的语言介绍给大家，这是第一次。他惊世骇俗地在《自私的基因》中提出：我们生来是自私的。人类窥见了社会关系中基本的对称性和逻辑性，在我们有了更充分的理解之后，我们的政治见解当会重新获得活力，并对心理学的科学研究提供理论上的支柱。在这一过程中，我们也必将对我们受苦受难的许多根源有一个更深刻的理解。','2020-11-26 01:47:43','查德·道金斯在'),(753,'不分手的原因',127,204,120,'中篇',7,'《不分手的理由》是日本小说家，被誉为日本情爱大师的渡边淳一的著名小说。\n丈夫与妻子同时拥有自己的婚外恋人，在情感与家庭的挣扎中，他们经受了爱情的甜蜜，更经受了内心的自责，当他们决心抛弃一切，重新回到家庭时，他们感到他们将再也无法走进对方的心灵。在喧闹的大街拐弯之后，刹那间四周变得寂静无声，黑暗中一排路灯伫立在街头。放眼望去，只有一盏红绿灯在寒空中绽放着鲜红色的光芒。速见修平往前欠身，嘱咐计程车司机行驶至红绿灯时左转。这一带是世田谷的新兴社区，近年来开始兴建，大量的超级市场和公寓，修平目前住的房子也是三年前才盖好的。','2020-11-26 01:47:43','渡边淳一'),(754,'少年天子',1,2,120,'长篇',5,'凌力的代表作品《少年天子》是一部描写清朝入关后第一代皇帝顺治政台生涯与爱情生活的长篇历史小说。小说出版后获第三届茅盾文学奖并被改编成同名电视连续剧。','2020-11-26 01:47:43','凌力'),(755,'张居正',1,2,120,'长篇',6,'张居正是明万历年间曾因厉行改革而彪炳史册的一位传奇人物。当代著名作家熊召政耗十年心血创作的四卷本长篇历史小说《张居正》，荣获第六届茅盾文学奖、湖北省政府图书奖、首届姚雪垠长篇历史小说奖、第五届屈原文学奖。','2020-11-26 01:47:43','熊召政'),(756,'雍正皇帝',1,2,207,'长篇',7,'《雍正皇帝》是二月河“帝王系列”的第二部，它跨越康、雍、乾承先启后数十年历史，成功地描写了雍正皇帝波澜壮阔的一生。 雍正皇帝是中国历史上极有作为的皇帝之一，也是最有争议的皇帝之一，从他的登基到他的去世，都盛行着各种各样的传说。几百年来，雍正皇帝的头上一直笼罩 着神秘莫测、扑朔迷离的疑团。作为创建了清王朝“康乾盛世”的三位杰出帝王之一，雍正生活在两位执政时间最长的皇帝即在位61年的康熙大帝和在位60年的 风流天子乾隆之间，犹如耸立在两座高峰之间的又一座高峰，他承先启后，是“康乾盛世”中功不可没的一代帝王。','2020-11-26 01:47:43','二月河'),(757,'修道院纪事',207,2,120,'长篇',6,'《修道院纪事》是葡萄牙文坛巨匠萨拉马戈的代表作品之一。1982年出版《修道院纪事》，取得巨大成功，荣获95年度葡语文学最高奖项“卡蒙斯文学奖”。这部历史体裁的长篇小说以独特的风格和扣人心弦的故事情节而令人目注神驰。小说描述了一位士兵和一位具有特异视力的姑娘之间奇特的爱情故事，把读者带到了18世纪初宗教裁判所窒息人性的时代。天地茫茫，但一对深爱的情侣却饱受磨难，无容身之地。小说真实与虚幻交相辉映，气势恢宏，荡气回肠','2020-11-26 01:47:43','萨拉马戈'),(758,'武则天正传',1,201,207,'中篇',3,' 武则天这个女人活了八十二岁，权倾中国达半个世纪之久。生活对她而言就如同游戏一样，她有比普通人更强烈的欲望，以至于秽闻不断；争权夺势的游戏，她玩得津津有味，她玩出的不像是一般妇人统治下的正常历史，更像一出梦呓般异想天开的荒唐戏。《武则天正传》是林语堂的传世之作','2020-11-26 01:47:43','林语堂'),(759,'我们的荆轲',1,113,116,'中篇',9,'话剧《我们的荆轲》由作家莫言编剧，导演任鸣执导，由北京人艺演员王斑、王雷、于震、宋轶等人主演，以现代视角再现历史故事，新鲜而犀利地重新解读了“荆轲刺秦” 这一中国人家喻户晓的故事，曾一举拿下中国话剧“金狮奖”的最佳剧目奖和优秀编剧奖。','2020-11-26 01:47:43','莫言'),(760,'《绞刑架下的报告》',210,113,120,'中篇',2,'《绞刑架下的报告》不仅是捷克无产阶级文学中的经典著作，也是全世界进步人民的共同的精神财富，自一九四五年在捷出版以来，已被译成九十多种文字，在世界各国人民中广为流传。在我国，早在五十年代，就先后发行过两个根据其他文字转译的版本，对中国读者起了极大的教育和鼓舞作用。','2020-11-26 01:47:43','伏契克'),(761,'茶人三部曲',1,113,120,'长篇',6,'王旭烽的《茶人三部曲》从1990年开始动笔，到1999年底改定，整整用了10年的工夫。全书以江南杭姓茶叶家庭六代人的命运沉浮为主线，将中国茶文化 史和中国近代史有机地融合在一起，堪称中国第一部反映茶文化的长篇小说。《茶人三部曲》荣获2000年第5届矛盾文学奖。','2020-11-26 01:47:43','王旭峰'),(762,'白柳门',1,2,120,'长篇',9,'《白门柳》是作家刘斯奋从37岁开始创作，耗费16年心血而著成的长篇历史小说，分《夕阳芳草》、《秋露危城》、《鸡鸣风雨》三部。作品通过明末清初著名 启蒙思想家黄宗羲及其他一些富有改革意识的知识分子在“天崩地解”式的社会巨变中所走过的道路，真实地再现了17世纪中叶中国尖锐复杂的社会矛盾和腐朽中 孕育新生的历史进程。《白门柳》荣获1998年第4届茅盾文学奖。','2020-11-26 01:47:43','刘思奋'),(763,'战争与和平',113,114,214,'短篇',2,'俄罗斯伟大作家列夫·托尔斯泰的《战争与和平》是世界文学史上一部不朽名著。小说最突出的艺术成就是那气势磅礴、宏大复杂的结构与严整有序的布局。托尔斯泰以一天才之笔，游刃于战争与和平、心理与社会、历史与哲学、婚姻与宗教之间，主次分明，匠心独具。小说《战争与和平》以库拉金、罗斯托夫、鲍尔康斯基和别朱霍夫四大贵族家庭的生活为情节线索，气势磅礴地反映了十九世纪初到二十年代俄国社会的重大历史事件。','2020-11-26 01:47:43','列夫·托尔斯泰'),(764,'北京法源寺',1,2,120,'长篇',4,'《北京法源寺》，历史小说，是台湾历史学家，作家李敖的第一部长篇小说作品。李敖在狱中构思故事梗概，在1976年出狱后开始写作，成书于1991年。 小说以北京宣武区的法源寺为故事背景，描述了从戊戌变法到辛亥革命前后，康有为、梁启超、谭嗣同、大刀王五等一批中国志士为中国的振兴所做出的努力和活动。作者宣称此作品被提名2000年诺贝尔文学奖。不过，由于提名诺奖的门槛很低，只要大学副教授就可以提名任何作家了，因此诺奖从不公布每年有哪些作家被提名，所以这种说法的真伪可能永远也无法得到检验。','2020-11-26 01:47:43','李敖'),(765,'金瓯缺',1,2,120,'长篇',4,'徐兴业的长篇历史小说《金瓯缺》描写的是12世纪初、中叶中国内部宋、辽、金之间的民族战争。以历史人物为核心线索，分别讲述北宋与辽、北宋与西夏以及南 宋与金、南宋与元之间的战和交锋岁月，力求从大历史的视角来叙说宋朝与周围多个并立政权的复杂关系。《金瓯缺》荣获1988年第3届茅盾文学奖。','2020-11-26 01:47:43','徐兴业'),(766,'敦煌',127,2,120,'中篇',6,'日本文坛巨匠、芥川龙之介奖得主——井上靖代表作之一，荣获每日艺术大奖，令无数人拿着这本书从世界各地奔赴敦煌。宋仁宗天圣年间，书生赵行德进京赶考，却因瞌睡错过了考试，前往刀兵四起、黄沙漫天的敦煌，命运由此发生了剧烈的转折。无数观众从《敦煌》的故事中惊奇地注目中国西部，更有大批游人拿着井上靖的西域小说，走上去往敦煌的漫长征程。……作家对人生对历史寄予了独特思考，对中国史传文学的叙事模式亦有秉承和借鉴。在涉及这种题材时严谨的治学态度亦深得史学家称道。','2020-11-26 01:47:43','井上靖'),(767,'怨女',1,113,120,'短篇',2,'《怨女》作者张爱玲，被誉为“文坛最美的收获之一”。这部作品是在小说《金锁记》原有情节人物的基础上的改编。更换了一些人物的姓名，比较详细的交待了女主角出嫁前的情况，扩充了女主角与小叔的故事、女主角儿子的故事，删去她女儿的故事，其他的框架基本没有改变。','2020-11-26 01:47:43','张爱玲'),(768,'五邑大学',6,2,2,'短篇',1,'1111111111111111111111111去去去去去去去去去去去去去去去去safdsfsd','2020-11-26 03:58:59','       ');
/*!40000 ALTER TABLE `lib_book` ENABLE KEYS */;
UNLOCK TABLES;

--
-- Table structure for table `lib_borrow_info`
--

DROP TABLE IF EXISTS `lib_borrow_info`;
/*!40101 SET @saved_cs_client     = @@character_set_client */;
/*!40101 SET character_set_client = utf8 */;
CREATE TABLE `lib_borrow_info` (
  `id` int(11) NOT NULL AUTO_INCREMENT,
  `user_id` int(11) NOT NULL,
  `book_id` int(11) NOT NULL,
  `borrow_date` timestamp NOT NULL DEFAULT CURRENT_TIMESTAMP,
  `return_date` timestamp NOT NULL DEFAULT CURRENT_TIMESTAMP,
  `examine_state` tinyint(1) NOT NULL DEFAULT '0',
  `borrow_state` tinyint(1) NOT NULL DEFAULT '0',
  `renew_state` tinyint(1) NOT NULL DEFAULT '0',
  PRIMARY KEY (`id`),
  KEY `user_id` (`user_id`),
  KEY `book_id` (`book_id`),
  CONSTRAINT `lib_borrow_info_ibfk_1` FOREIGN KEY (`user_id`) REFERENCES `lib_user` (`id`) ON DELETE CASCADE,
  CONSTRAINT `lib_borrow_info_ibfk_2` FOREIGN KEY (`book_id`) REFERENCES `lib_book` (`id`) ON DELETE CASCADE
) ENGINE=InnoDB AUTO_INCREMENT=109 DEFAULT CHARSET=utf8mb4;
/*!40101 SET character_set_client = @saved_cs_client */;

--
-- Dumping data for table `lib_borrow_info`
--

LOCK TABLES `lib_borrow_info` WRITE;
/*!40000 ALTER TABLE `lib_borrow_info` DISABLE KEYS */;
INSERT INTO `lib_borrow_info` VALUES (72,47,697,'2020-11-26 03:59:48','2020-12-26 03:59:48',1,1,0),(75,54,683,'2020-11-26 01:07:10','2020-12-26 01:07:10',0,0,0),(76,54,640,'2020-11-26 01:08:01','2020-12-26 01:08:01',1,1,0),(77,55,697,'2020-11-26 01:12:46','2020-12-26 01:12:46',1,2,0),(78,55,694,'2020-11-26 01:12:48','2020-12-26 01:12:48',1,2,0),(79,55,693,'2020-11-26 01:12:50','2020-12-26 01:12:50',1,1,0),(80,55,690,'2020-11-26 01:13:30','2020-12-26 01:13:30',1,1,0),(81,55,689,'2020-11-26 01:13:23','2020-12-26 01:13:23',-1,-1,0),(82,55,692,'2020-11-26 01:14:03','2020-12-26 01:14:03',1,1,0),(83,50,694,'2020-11-26 01:19:15','2020-12-26 01:19:15',0,0,0),(84,50,690,'2020-11-26 01:23:35','2020-12-26 01:23:35',1,1,0),(93,48,767,'2020-11-26 02:26:23','2021-01-25 02:26:23',1,2,1),(94,48,767,'2020-11-26 03:56:10','2021-01-25 03:56:10',1,2,1),(95,58,518,'2020-11-26 07:06:10','2020-12-26 07:06:10',0,0,0),(96,54,518,'2020-11-26 07:06:11','2020-12-26 07:06:11',0,0,0),(97,50,518,'2020-11-26 07:06:11','2020-12-26 07:06:11',0,0,0),(98,58,518,'2020-11-26 07:06:11','2020-12-26 07:06:11',0,0,0),(99,57,518,'2020-11-26 07:06:11','2020-12-26 07:06:11',0,0,0),(100,46,763,'2020-10-29 07:43:24','2020-11-29 07:43:24',1,1,0),(101,46,757,'2020-10-25 07:43:25','2020-11-25 07:43:25',1,1,0),(102,46,520,'2020-11-26 07:43:27','2020-12-26 07:43:27',1,2,0),(103,48,768,'2020-11-26 07:59:19','2020-12-26 07:59:19',0,0,0),(104,48,767,'2020-11-26 08:49:51','2020-12-26 08:49:51',1,2,0),(105,48,767,'2020-11-26 08:49:53','2020-12-26 08:49:53',1,2,0),(106,48,767,'2020-11-26 08:50:42','2020-12-26 08:50:42',0,0,0),(107,48,767,'2020-11-26 08:50:44','2020-12-26 08:50:44',0,0,0);
/*!40000 ALTER TABLE `lib_borrow_info` ENABLE KEYS */;
UNLOCK TABLES;

--
-- Table structure for table `lib_country`
--

DROP TABLE IF EXISTS `lib_country`;
/*!40101 SET @saved_cs_client     = @@character_set_client */;
/*!40101 SET character_set_client = utf8 */;
CREATE TABLE `lib_country` (
  `id` int(11) NOT NULL AUTO_INCREMENT,
  `country_name` varchar(128) NOT NULL DEFAULT '',
  PRIMARY KEY (`id`),
  UNIQUE KEY `country_name` (`country_name`)
) ENGINE=InnoDB AUTO_INCREMENT=281 DEFAULT CHARSET=utf8mb4;
/*!40101 SET character_set_client = @saved_cs_client */;

--
-- Dumping data for table `lib_country`
--

LOCK TABLES `lib_country` WRITE;
/*!40000 ALTER TABLE `lib_country` DISABLE KEYS */;
INSERT INTO `lib_country` VALUES (1,'中国'),(113,'俄罗斯'),(131,'巴西'),(141,'希腊'),(6,'德国'),(124,'意大利'),(210,'捷克'),(127,'日本'),(148,'比利时'),(119,'法国'),(121,'美国'),(111,'苏联'),(118,'英国'),(207,'葡萄牙'),(129,'阿富汗');
/*!40000 ALTER TABLE `lib_country` ENABLE KEYS */;
UNLOCK TABLES;

--
-- Table structure for table `lib_notice`
--

DROP TABLE IF EXISTS `lib_notice`;
/*!40101 SET @saved_cs_client     = @@character_set_client */;
/*!40101 SET character_set_client = utf8 */;
CREATE TABLE `lib_notice` (
  `id` int(11) NOT NULL AUTO_INCREMENT,
  `notice_name` varchar(64) NOT NULL DEFAULT '',
  `content` varchar(512) NOT NULL DEFAULT '',
  `release_time` timestamp NOT NULL DEFAULT CURRENT_TIMESTAMP,
  PRIMARY KEY (`id`)
) ENGINE=InnoDB AUTO_INCREMENT=849 DEFAULT CHARSET=utf8mb4;
/*!40101 SET character_set_client = @saved_cs_client */;

--
-- Dumping data for table `lib_notice`
--

LOCK TABLES `lib_notice` WRITE;
/*!40000 ALTER TABLE `lib_notice` DISABLE KEYS */;
INSERT INTO `lib_notice` VALUES (2,'CC','myContent','2020-11-21 03:06:52'),(3,'1','2','2020-11-21 03:24:33'),(4,'2','3','2020-11-21 03:24:43'),(5,'CC','6','2020-11-21 03:24:49'),(6,'6','8','2020-11-21 03:24:55'),(8,'CC','11','2020-11-21 03:25:06'),(9,'CC','333','2020-11-21 04:08:09'),(10,'CC','d','2020-11-21 04:11:27'),(11,'CC','ddv','2020-11-21 04:11:30'),(12,'CC','efeo','2020-11-21 04:38:05'),(17,'ff','dddddsas','2020-11-22 03:32:27'),(18,'ff','dddddsas','2020-11-22 03:50:59'),(20,'闭馆','因疫情原因，图书馆将闭馆消毒','2020-11-22 04:10:39'),(21,'来来来','快快快','2020-11-22 04:12:44'),(22,'未还','林某某同学借书逾期未还','2020-11-22 04:15:02'),(23,'人',' 他','2020-11-22 04:25:59'),(24,'标题0','内容0','2020-11-22 12:10:00'),(25,'标题1','内容1','2020-11-22 12:10:01'),(26,'标题2','内容2','2020-11-22 12:10:01'),(27,'标题3','内容3','2020-11-22 12:10:01'),(28,'标题4','内容4','2020-11-22 12:10:01'),(29,'标题5','内容5','2020-11-22 12:10:01'),(30,'标题6','内容6','2020-11-22 12:10:01'),(31,'标题7','内容7','2020-11-22 12:10:01'),(32,'标题8','内容8','2020-11-22 12:10:01'),(33,'标题9','内容9','2020-11-22 12:10:01'),(34,'标题10','内容10','2020-11-22 12:10:01'),(35,'标题11','内容11','2020-11-22 12:10:01'),(36,'标题12','内容12','2020-11-22 12:10:02'),(37,'标题13','内容13','2020-11-22 12:10:02'),(38,'标题14','内容14','2020-11-22 12:10:02'),(39,'标题15','内容15','2020-11-22 12:10:02'),(40,'标题16','内容16','2020-11-22 12:10:02'),(41,'标题17','内容17','2020-11-22 12:10:02'),(42,'标题18','内容18','2020-11-22 12:10:02'),(43,'标题19','内容19','2020-11-22 12:10:02'),(44,'标题20','内容20','2020-11-22 12:10:02'),(45,'标题21','内容21','2020-11-22 12:10:02'),(46,'标题22','内容22','2020-11-22 12:10:02'),(47,'标题23','内容23','2020-11-22 12:10:02'),(48,'标题24','内容24','2020-11-22 12:10:02'),(49,'标题25','内容25','2020-11-22 12:10:02'),(50,'标题26','内容26','2020-11-22 12:10:03'),(51,'标题27','内容27','2020-11-22 12:10:03'),(52,'标题28','内容28','2020-11-22 12:10:03'),(53,'标题29','内容29','2020-11-22 12:10:03'),(54,'标题30','内容30','2020-11-22 12:10:03'),(55,'标题31','内容31','2020-11-22 12:10:03'),(56,'标题32','内容32','2020-11-22 12:10:03'),(57,'标题33','内容33','2020-11-22 12:10:03'),(58,'标题34','内容34','2020-11-22 12:10:03'),(59,'标题35','内容35','2020-11-22 12:10:03'),(60,'标题36','内容36','2020-11-22 12:10:03'),(61,'标题37','内容37','2020-11-22 12:10:03'),(62,'标题38','内容38','2020-11-22 12:10:03'),(63,'标题39','内容39','2020-11-22 12:10:04'),(64,'标题40','内容40','2020-11-22 12:10:04'),(65,'标题41','内容41','2020-11-22 12:10:04'),(66,'标题42','内容42','2020-11-22 12:10:04'),(67,'标题43','内容43','2020-11-22 12:10:04'),(68,'标题44','内容44','2020-11-22 12:10:04'),(69,'标题45','内容45','2020-11-22 12:10:04'),(70,'标题46','内容46','2020-11-22 12:10:04'),(71,'标题47','内容47','2020-11-22 12:10:04'),(72,'标题48','内容48','2020-11-22 12:10:04'),(73,'标题49','内容49','2020-11-22 12:10:04'),(74,'标题50','内容50','2020-11-22 12:10:04'),(75,'标题51','内容51','2020-11-22 12:10:04'),(76,'标题52','内容52','2020-11-22 12:10:04'),(77,'标题53','内容53','2020-11-22 12:10:05'),(78,'标题54','内容54','2020-11-22 12:10:05'),(79,'标题55','内容55','2020-11-22 12:10:05'),(80,'标题56','内容56','2020-11-22 12:10:05'),(81,'标题57','内容57','2020-11-22 12:10:05'),(82,'标题58','内容58','2020-11-22 12:10:05'),(83,'标题59','内容59','2020-11-22 12:10:05'),(84,'标题60','内容60','2020-11-22 12:10:05'),(85,'标题61','内容61','2020-11-22 12:10:05'),(86,'标题62','内容62','2020-11-22 12:10:05'),(87,'标题63','内容63','2020-11-22 12:10:05'),(88,'标题64','内容64','2020-11-22 12:10:05'),(89,'标题65','内容65','2020-11-22 12:10:05'),(90,'标题66','内容66','2020-11-22 12:10:06'),(91,'标题67','内容67','2020-11-22 12:10:06'),(92,'标题68','内容68','2020-11-22 12:10:06'),(93,'标题69','内容69','2020-11-22 12:10:06'),(94,'标题70','内容70','2020-11-22 12:10:06'),(95,'标题71','内容71','2020-11-22 12:10:06'),(96,'标题72','内容72','2020-11-22 12:10:06'),(97,'标题73','内容73','2020-11-22 12:10:06'),(98,'标题74','内容74','2020-11-22 12:10:06'),(99,'标题75','内容75','2020-11-22 12:10:06'),(100,'标题76','内容76','2020-11-22 12:10:06'),(101,'标题77','内容77','2020-11-22 12:10:06'),(102,'标题78','内容78','2020-11-22 12:10:07'),(103,'标题79','内容79','2020-11-22 12:10:07'),(104,'标题80','内容80','2020-11-22 12:10:07'),(105,'标题81','内容81','2020-11-22 12:10:07'),(106,'标题82','内容82','2020-11-22 12:10:07'),(107,'标题83','内容83','2020-11-22 12:10:07'),(108,'标题84','内容84','2020-11-22 12:10:07'),(109,'标题85','内容85','2020-11-22 12:10:07'),(110,'标题86','内容86','2020-11-22 12:10:07'),(111,'标题87','内容87','2020-11-22 12:10:07'),(112,'标题88','内容88','2020-11-22 12:10:07'),(113,'标题89','内容89','2020-11-22 12:10:07'),(114,'标题90','内容90','2020-11-22 12:10:07'),(115,'标题91','内容91','2020-11-22 12:10:08'),(116,'标题92','内容92','2020-11-22 12:10:08'),(117,'标题93','内容93','2020-11-22 12:10:08'),(118,'标题94','内容94','2020-11-22 12:10:08'),(119,'标题95','内容95','2020-11-22 12:10:08'),(120,'标题96','内容96','2020-11-22 12:10:08'),(121,'标题97','内容97','2020-11-22 12:10:08'),(122,'标题98','内容98','2020-11-22 12:10:08'),(123,'标题99','内容99','2020-11-22 12:10:08'),(124,'标题100','内容100','2020-11-22 12:10:08'),(125,'标题101','内容101','2020-11-22 12:10:08'),(126,'标题102','内容102','2020-11-22 12:10:08'),(127,'标题103','内容103','2020-11-22 12:10:08'),(128,'标题104','内容104','2020-11-22 12:10:09'),(129,'标题105','内容105','2020-11-22 12:10:09'),(130,'标题106','内容106','2020-11-22 12:10:09'),(131,'标题107','内容107','2020-11-22 12:10:09'),(132,'标题108','内容108','2020-11-22 12:10:09'),(133,'标题109','内容109','2020-11-22 12:10:09'),(134,'标题110','内容110','2020-11-22 12:10:09'),(135,'标题111','内容111','2020-11-22 12:10:09'),(136,'标题112','内容112','2020-11-22 12:10:09'),(137,'标题113','内容113','2020-11-22 12:10:09'),(138,'标题114','内容114','2020-11-22 12:10:09'),(139,'标题115','内容115','2020-11-22 12:10:09'),(140,'标题116','内容116','2020-11-22 12:10:09'),(141,'标题117','内容117','2020-11-22 12:10:09'),(142,'标题118','内容118','2020-11-22 12:10:10'),(143,'标题119','内容119','2020-11-22 12:10:10'),(144,'标题120','内容120','2020-11-22 12:10:10'),(145,'标题121','内容121','2020-11-22 12:10:10'),(146,'标题122','内容122','2020-11-22 12:10:10'),(147,'标题123','内容123','2020-11-22 12:10:10'),(148,'标题124','内容124','2020-11-22 12:10:10'),(149,'标题125','内容125','2020-11-22 12:10:10'),(150,'标题126','内容126','2020-11-22 12:10:10'),(151,'标题127','内容127','2020-11-22 12:10:10'),(152,'标题128','内容128','2020-11-22 12:10:10'),(153,'标题129','内容129','2020-11-22 12:10:10'),(154,'标题130','内容130','2020-11-22 12:10:10'),(155,'标题131','内容131','2020-11-22 12:10:11'),(156,'标题132','内容132','2020-11-22 12:10:11'),(157,'标题133','内容133','2020-11-22 12:10:11'),(158,'标题134','内容134','2020-11-22 12:10:11'),(159,'标题135','内容135','2020-11-22 12:10:11'),(160,'标题136','内容136','2020-11-22 12:10:11'),(161,'标题137','内容137','2020-11-22 12:10:11'),(162,'标题138','内容138','2020-11-22 12:10:11'),(163,'标题139','内容139','2020-11-22 12:10:11'),(164,'标题140','内容140','2020-11-22 12:10:11'),(165,'标题141','内容141','2020-11-22 12:10:11'),(166,'标题142','内容142','2020-11-22 12:10:11'),(167,'标题143','内容143','2020-11-22 12:10:12'),(168,'标题144','内容144','2020-11-22 12:10:12'),(169,'标题145','内容145','2020-11-22 12:10:12'),(170,'标题146','内容146','2020-11-22 12:10:12'),(171,'标题147','内容147','2020-11-22 12:10:12'),(172,'标题148','内容148','2020-11-22 12:10:12'),(173,'标题149','内容149','2020-11-22 12:10:12'),(174,'标题150','内容150','2020-11-22 12:10:12'),(175,'标题151','内容151','2020-11-22 12:10:12'),(176,'标题152','内容152','2020-11-22 12:10:12'),(177,'标题153','内容153','2020-11-22 12:10:13'),(178,'标题154','内容154','2020-11-22 12:10:13'),(179,'标题155','内容155','2020-11-22 12:10:13'),(180,'标题156','内容156','2020-11-22 12:10:13'),(181,'标题157','内容157','2020-11-22 12:10:13'),(182,'标题158','内容158','2020-11-22 12:10:13'),(183,'标题159','内容159','2020-11-22 12:10:13'),(184,'标题160','内容160','2020-11-22 12:10:13'),(185,'标题161','内容161','2020-11-22 12:10:13'),(186,'标题162','内容162','2020-11-22 12:10:13'),(187,'标题163','内容163','2020-11-22 12:10:13'),(188,'标题164','内容164','2020-11-22 12:10:13'),(189,'标题165','内容165','2020-11-22 12:10:13'),(190,'标题166','内容166','2020-11-22 12:10:14'),(191,'标题167','内容167','2020-11-22 12:10:14'),(192,'标题168','内容168','2020-11-22 12:10:14'),(193,'标题169','内容169','2020-11-22 12:10:14'),(194,'标题170','内容170','2020-11-22 12:10:14'),(195,'标题171','内容171','2020-11-22 12:10:14'),(196,'标题172','内容172','2020-11-22 12:10:14'),(197,'标题173','内容173','2020-11-22 12:10:14'),(198,'标题174','内容174','2020-11-22 12:10:14'),(199,'标题175','内容175','2020-11-22 12:10:14'),(200,'标题176','内容176','2020-11-22 12:10:14'),(201,'标题177','内容177','2020-11-22 12:10:14'),(202,'标题178','内容178','2020-11-22 12:10:14'),(203,'标题179','内容179','2020-11-22 12:10:15'),(204,'标题180','内容180','2020-11-22 12:10:15'),(205,'标题181','内容181','2020-11-22 12:10:15'),(206,'标题182','内容182','2020-11-22 12:10:15'),(207,'标题183','内容183','2020-11-22 12:10:15'),(208,'标题184','内容184','2020-11-22 12:10:15'),(209,'标题185','内容185','2020-11-22 12:10:15'),(210,'标题186','内容186','2020-11-22 12:10:15'),(211,'标题187','内容187','2020-11-22 12:10:15'),(212,'标题188','内容188','2020-11-22 12:10:15'),(213,'标题189','内容189','2020-11-22 12:10:15'),(214,'标题190','内容190','2020-11-22 12:10:15'),(215,'标题191','内容191','2020-11-22 12:10:15'),(216,'标题192','内容192','2020-11-22 12:10:16'),(217,'标题193','内容193','2020-11-22 12:10:16'),(218,'标题194','内容194','2020-11-22 12:10:16'),(219,'标题195','内容195','2020-11-22 12:10:16'),(220,'标题196','内容196','2020-11-22 12:10:16'),(221,'标题197','内容197','2020-11-22 12:10:16'),(222,'标题198','内容198','2020-11-22 12:10:16'),(223,'标题199','内容199','2020-11-22 12:10:16'),(224,'标题0','内容0','2020-11-23 00:36:23'),(225,'标题1','内容1','2020-11-23 00:36:24'),(226,'标题2','内容2','2020-11-23 00:36:24'),(227,'标题3','内容3','2020-11-23 00:36:25'),(228,'标题4','内容4','2020-11-23 00:36:25'),(229,'标题5','内容5','2020-11-23 00:36:25'),(230,'标题6','内容6','2020-11-23 00:36:25'),(231,'标题7','内容7','2020-11-23 00:36:25'),(232,'标题8','内容8','2020-11-23 00:36:25'),(233,'标题9','内容9','2020-11-23 00:36:25'),(234,'标题10','内容10','2020-11-23 00:36:25'),(235,'标题11','内容11','2020-11-23 00:36:25'),(236,'标题12','内容12','2020-11-23 00:36:25'),(237,'标题13','内容13','2020-11-23 00:36:25'),(238,'标题14','内容14','2020-11-23 00:36:25'),(239,'标题15','内容15','2020-11-23 00:36:25'),(240,'标题16','内容16','2020-11-23 00:36:26'),(241,'标题17','内容17','2020-11-23 00:36:26'),(242,'标题18','内容18','2020-11-23 00:36:26'),(243,'标题19','内容19','2020-11-23 00:36:26'),(244,'标题20','内容20','2020-11-23 00:36:26'),(245,'标题21','内容21','2020-11-23 00:36:26'),(246,'标题22','内容22','2020-11-23 00:36:26'),(247,'标题23','内容23','2020-11-23 00:36:26'),(248,'标题24','内容24','2020-11-23 00:36:26'),(249,'标题25','内容25','2020-11-23 00:36:26'),(250,'标题26','内容26','2020-11-23 00:36:26'),(251,'标题27','内容27','2020-11-23 00:36:26'),(252,'标题28','内容28','2020-11-23 00:36:27'),(253,'标题29','内容29','2020-11-23 00:36:27'),(254,'标题30','内容30','2020-11-23 00:36:27'),(255,'标题31','内容31','2020-11-23 00:36:27'),(256,'标题32','内容32','2020-11-23 00:36:27'),(257,'标题33','内容33','2020-11-23 00:36:27'),(258,'标题34','内容34','2020-11-23 00:36:27'),(259,'标题35','内容35','2020-11-23 00:36:27'),(260,'标题36','内容36','2020-11-23 00:36:27'),(261,'标题37','内容37','2020-11-23 00:36:27'),(262,'标题38','内容38','2020-11-23 00:36:27'),(263,'标题39','内容39','2020-11-23 00:36:27'),(264,'标题40','内容40','2020-11-23 00:36:27'),(265,'标题41','内容41','2020-11-23 00:36:27'),(266,'标题42','内容42','2020-11-23 00:36:28'),(267,'标题43','内容43','2020-11-23 00:36:28'),(268,'标题44','内容44','2020-11-23 00:36:28'),(269,'标题45','内容45','2020-11-23 00:36:28'),(270,'标题46','内容46','2020-11-23 00:36:28'),(271,'标题47','内容47','2020-11-23 00:36:28'),(272,'标题48','内容48','2020-11-23 00:36:28'),(273,'标题49','内容49','2020-11-23 00:36:28'),(274,'标题50','内容50','2020-11-23 00:36:28'),(275,'标题51','内容51','2020-11-23 00:36:28'),(276,'标题52','内容52','2020-11-23 00:36:28'),(277,'标题53','内容53','2020-11-23 00:36:28'),(278,'标题54','内容54','2020-11-23 00:36:28'),(279,'标题55','内容55','2020-11-23 00:36:29'),(280,'标题56','内容56','2020-11-23 00:36:29'),(281,'标题57','内容57','2020-11-23 00:36:29'),(282,'标题58','内容58','2020-11-23 00:36:29'),(283,'标题59','内容59','2020-11-23 00:36:29'),(284,'标题60','内容60','2020-11-23 00:36:29'),(285,'标题61','内容61','2020-11-23 00:36:29'),(286,'标题62','内容62','2020-11-23 00:36:29'),(287,'标题63','内容63','2020-11-23 00:36:29'),(288,'标题64','内容64','2020-11-23 00:36:29'),(289,'标题65','内容65','2020-11-23 00:36:29'),(290,'标题66','内容66','2020-11-23 00:36:29'),(291,'标题67','内容67','2020-11-23 00:36:29'),(292,'标题68','内容68','2020-11-23 00:36:30'),(293,'标题69','内容69','2020-11-23 00:36:30'),(294,'标题70','内容70','2020-11-23 00:36:30'),(295,'标题71','内容71','2020-11-23 00:36:30'),(296,'标题72','内容72','2020-11-23 00:36:30'),(297,'标题73','内容73','2020-11-23 00:36:30'),(298,'标题74','内容74','2020-11-23 00:36:30'),(299,'标题75','内容75','2020-11-23 00:36:30'),(300,'标题76','内容76','2020-11-23 00:36:30'),(301,'标题77','内容77','2020-11-23 00:36:30'),(302,'标题78','内容78','2020-11-23 00:36:30'),(303,'标题79','内容79','2020-11-23 00:36:31'),(304,'标题80','内容80','2020-11-23 00:36:31'),(305,'标题81','内容81','2020-11-23 00:36:31'),(306,'标题82','内容82','2020-11-23 00:36:31'),(307,'标题83','内容83','2020-11-23 00:36:31'),(308,'标题84','内容84','2020-11-23 00:36:31'),(309,'标题85','内容85','2020-11-23 00:36:31'),(310,'标题86','内容86','2020-11-23 00:36:31'),(311,'标题87','内容87','2020-11-23 00:36:31'),(312,'标题88','内容88','2020-11-23 00:36:31'),(313,'标题89','内容89','2020-11-23 00:36:31'),(314,'标题90','内容90','2020-11-23 00:36:31'),(315,'标题91','内容91','2020-11-23 00:36:32'),(316,'标题92','内容92','2020-11-23 00:36:32'),(317,'标题93','内容93','2020-11-23 00:36:32'),(318,'标题94','内容94','2020-11-23 00:36:32'),(319,'标题95','内容95','2020-11-23 00:36:32'),(320,'标题96','内容96','2020-11-23 00:36:32'),(321,'标题97','内容97','2020-11-23 00:36:32'),(322,'标题98','内容98','2020-11-23 00:36:32'),(323,'标题99','内容99','2020-11-23 00:36:32'),(324,'标题100','内容100','2020-11-23 00:36:32'),(325,'标题101','内容101','2020-11-23 00:36:32'),(326,'标题102','内容102','2020-11-23 00:36:32'),(327,'标题103','内容103','2020-11-23 00:36:32'),(328,'标题104','内容104','2020-11-23 00:36:33'),(329,'标题105','内容105','2020-11-23 00:36:33'),(330,'标题106','内容106','2020-11-23 00:36:33'),(331,'标题107','内容107','2020-11-23 00:36:33'),(332,'标题108','内容108','2020-11-23 00:36:33'),(333,'标题109','内容109','2020-11-23 00:36:33'),(334,'标题110','内容110','2020-11-23 00:36:33'),(335,'标题111','内容111','2020-11-23 00:36:33'),(336,'标题112','内容112','2020-11-23 00:36:33'),(337,'标题113','内容113','2020-11-23 00:36:33'),(338,'标题114','内容114','2020-11-23 00:36:33'),(339,'标题115','内容115','2020-11-23 00:36:33'),(340,'标题116','内容116','2020-11-23 00:36:33'),(341,'标题117','内容117','2020-11-23 00:36:34'),(342,'标题118','内容118','2020-11-23 00:36:34'),(343,'标题119','内容119','2020-11-23 00:36:34'),(344,'标题120','内容120','2020-11-23 00:36:34'),(345,'标题121','内容121','2020-11-23 00:36:34'),(346,'标题122','内容122','2020-11-23 00:36:34'),(347,'标题123','内容123','2020-11-23 00:36:34'),(348,'标题124','内容124','2020-11-23 00:36:34'),(349,'标题125','内容125','2020-11-23 00:36:34'),(350,'标题126','内容126','2020-11-23 00:36:34'),(351,'标题127','内容127','2020-11-23 00:36:34'),(352,'标题128','内容128','2020-11-23 00:36:34'),(353,'标题129','内容129','2020-11-23 00:36:34'),(354,'标题130','内容130','2020-11-23 00:36:35'),(355,'标题131','内容131','2020-11-23 00:36:35'),(356,'标题132','内容132','2020-11-23 00:36:35'),(357,'标题133','内容133','2020-11-23 00:36:35'),(358,'标题134','内容134','2020-11-23 00:36:35'),(359,'标题135','内容135','2020-11-23 00:36:35'),(360,'标题136','内容136','2020-11-23 00:36:35'),(361,'标题137','内容137','2020-11-23 00:36:35'),(362,'标题138','内容138','2020-11-23 00:36:35'),(363,'标题139','内容139','2020-11-23 00:36:35'),(364,'标题140','内容140','2020-11-23 00:36:35'),(365,'标题141','内容141','2020-11-23 00:36:36'),(366,'标题142','内容142','2020-11-23 00:36:36'),(367,'标题143','内容143','2020-11-23 00:36:36'),(368,'标题144','内容144','2020-11-23 00:36:36'),(369,'标题145','内容145','2020-11-23 00:36:36'),(370,'标题146','内容146','2020-11-23 00:36:36'),(371,'标题147','内容147','2020-11-23 00:36:36'),(372,'标题148','内容148','2020-11-23 00:36:36'),(373,'标题149','内容149','2020-11-23 00:36:36'),(374,'标题150','内容150','2020-11-23 00:36:36'),(375,'标题151','内容151','2020-11-23 00:36:36'),(376,'标题152','内容152','2020-11-23 00:36:36'),(377,'标题153','内容153','2020-11-23 00:36:36'),(378,'标题154','内容154','2020-11-23 00:36:36'),(379,'标题155','内容155','2020-11-23 00:36:37'),(380,'标题156','内容156','2020-11-23 00:36:37'),(381,'标题157','内容157','2020-11-23 00:36:37'),(382,'标题158','内容158','2020-11-23 00:36:37'),(383,'标题159','内容159','2020-11-23 00:36:37'),(384,'标题160','内容160','2020-11-23 00:36:37'),(385,'标题161','内容161','2020-11-23 00:36:37'),(386,'标题162','内容162','2020-11-23 00:36:37'),(387,'标题163','内容163','2020-11-23 00:36:37'),(388,'标题164','内容164','2020-11-23 00:36:37'),(389,'标题165','内容165','2020-11-23 00:36:37'),(390,'标题166','内容166','2020-11-23 00:36:38'),(391,'标题167','内容167','2020-11-23 00:36:38'),(392,'标题168','内容168','2020-11-23 00:36:38'),(393,'标题169','内容169','2020-11-23 00:36:38'),(394,'标题170','内容170','2020-11-23 00:36:38'),(395,'标题171','内容171','2020-11-23 00:36:38'),(396,'标题172','内容172','2020-11-23 00:36:38'),(397,'标题173','内容173','2020-11-23 00:36:38'),(398,'标题174','内容174','2020-11-23 00:36:38'),(399,'标题175','内容175','2020-11-23 00:36:39'),(400,'标题176','内容176','2020-11-23 00:36:39'),(401,'标题177','内容177','2020-11-23 00:36:39'),(402,'标题178','内容178','2020-11-23 00:36:39'),(403,'标题179','内容179','2020-11-23 00:36:39'),(404,'标题180','内容180','2020-11-23 00:36:39'),(405,'标题181','内容181','2020-11-23 00:36:39'),(406,'标题182','内容182','2020-11-23 00:36:39'),(407,'标题183','内容183','2020-11-23 00:36:39'),(408,'标题184','内容184','2020-11-23 00:36:39'),(409,'标题185','内容185','2020-11-23 00:36:39'),(410,'标题186','内容186','2020-11-23 00:36:39'),(411,'标题187','内容187','2020-11-23 00:36:40'),(412,'标题188','内容188','2020-11-23 00:36:40'),(413,'标题189','内容189','2020-11-23 00:36:40'),(414,'标题190','内容190','2020-11-23 00:36:40'),(415,'标题191','内容191','2020-11-23 00:36:40'),(416,'标题192','内容192','2020-11-23 00:36:40'),(417,'标题193','内容193','2020-11-23 00:36:40'),(418,'标题194','内容194','2020-11-23 00:36:40'),(419,'标题195','内容195','2020-11-23 00:36:40'),(420,'标题196','内容196','2020-11-23 00:36:40'),(421,'标题197','内容197','2020-11-23 00:36:40'),(422,'标题198','内容198','2020-11-23 00:36:40'),(423,'标题199','内容199','2020-11-23 00:36:40'),(424,'标题0','内容0','2020-11-23 00:37:54'),(425,'标题1','内容1','2020-11-23 00:37:56'),(426,'标题2','内容2','2020-11-23 00:37:57'),(427,'标题3','内容3','2020-11-23 00:37:57'),(428,'标题4','内容4','2020-11-23 00:37:58'),(429,'标题5','内容5','2020-11-23 00:37:58'),(430,'标题6','内容6','2020-11-23 00:37:58'),(431,'标题7','内容7','2020-11-23 00:37:58'),(432,'标题8','内容8','2020-11-23 00:37:58'),(433,'标题9','内容9','2020-11-23 00:37:59'),(434,'标题10','内容10','2020-11-23 00:37:59'),(435,'标题11','内容11','2020-11-23 00:38:00'),(436,'标题12','内容12','2020-11-23 00:38:00'),(437,'标题13','内容13','2020-11-23 00:38:00'),(438,'标题14','内容14','2020-11-23 00:38:00'),(439,'标题15','内容15','2020-11-23 00:38:00'),(440,'标题16','内容16','2020-11-23 00:38:01'),(441,'标题17','内容17','2020-11-23 00:38:01'),(442,'标题18','内容18','2020-11-23 00:38:01'),(443,'标题19','内容19','2020-11-23 00:38:01'),(444,'标题20','内容20','2020-11-23 00:38:01'),(445,'标题0','内容0','2020-11-23 00:38:01'),(446,'标题21','内容21','2020-11-23 00:38:01'),(447,'标题22','内容22','2020-11-23 00:38:01'),(448,'标题23','内容23','2020-11-23 00:38:02'),(449,'标题24','内容24','2020-11-23 00:38:02'),(450,'标题25','内容25','2020-11-23 00:38:02'),(451,'标题26','内容26','2020-11-23 00:38:02'),(452,'标题27','内容27','2020-11-23 00:38:02'),(453,'标题28','内容28','2020-11-23 00:38:02'),(454,'标题29','内容29','2020-11-23 00:38:02'),(455,'标题1','内容1','2020-11-23 00:38:02'),(456,'标题30','内容30','2020-11-23 00:38:02'),(457,'标题2','内容2','2020-11-23 00:38:03'),(458,'标题31','内容31','2020-11-23 00:38:03'),(459,'标题3','内容3','2020-11-23 00:38:03'),(460,'标题32','内容32','2020-11-23 00:38:03'),(461,'标题4','内容4','2020-11-23 00:38:03'),(462,'标题33','内容33','2020-11-23 00:38:03'),(463,'标题5','内容5','2020-11-23 00:38:04'),(464,'标题34','内容34','2020-11-23 00:38:04'),(465,'标题6','内容6','2020-11-23 00:38:04'),(466,'标题35','内容35','2020-11-23 00:38:04'),(467,'标题7','内容7','2020-11-23 00:38:04'),(468,'标题8','内容8','2020-11-23 00:38:05'),(469,'标题36','内容36','2020-11-23 00:38:05'),(470,'标题9','内容9','2020-11-23 00:38:05'),(471,'标题37','内容37','2020-11-23 00:38:05'),(472,'标题10','内容10','2020-11-23 00:38:05'),(473,'标题38','内容38','2020-11-23 00:38:05'),(474,'标题11','内容11','2020-11-23 00:38:05'),(475,'标题39','内容39','2020-11-23 00:38:05'),(476,'标题12','内容12','2020-11-23 00:38:05'),(477,'标题40','内容40','2020-11-23 00:38:05'),(478,'标题13','内容13','2020-11-23 00:38:05'),(479,'标题41','内容41','2020-11-23 00:38:05'),(480,'标题14','内容14','2020-11-23 00:38:06'),(481,'标题42','内容42','2020-11-23 00:38:06'),(482,'标题15','内容15','2020-11-23 00:38:06'),(483,'标题43','内容43','2020-11-23 00:38:06'),(484,'标题16','内容16','2020-11-23 00:38:06'),(485,'标题44','内容44','2020-11-23 00:38:06'),(486,'标题45','内容45','2020-11-23 00:38:06'),(487,'标题17','内容17','2020-11-23 00:38:06'),(488,'标题46','内容46','2020-11-23 00:38:06'),(489,'标题18','内容18','2020-11-23 00:38:06'),(490,'标题47','内容47','2020-11-23 00:38:06'),(491,'标题19','内容19','2020-11-23 00:38:06'),(492,'标题48','内容48','2020-11-23 00:38:06'),(493,'标题20','内容20','2020-11-23 00:38:06'),(494,'标题49','内容49','2020-11-23 00:38:07'),(495,'标题21','内容21','2020-11-23 00:38:07'),(496,'标题50','内容50','2020-11-23 00:38:07'),(497,'标题22','内容22','2020-11-23 00:38:07'),(498,'标题51','内容51','2020-11-23 00:38:07'),(499,'标题23','内容23','2020-11-23 00:38:07'),(500,'标题52','内容52','2020-11-23 00:38:07'),(501,'标题24','内容24','2020-11-23 00:38:07'),(502,'标题53','内容53','2020-11-23 00:38:07'),(503,'标题25','内容25','2020-11-23 00:38:07'),(504,'标题54','内容54','2020-11-23 00:38:08'),(505,'标题26','内容26','2020-11-23 00:38:08'),(506,'标题55','内容55','2020-11-23 00:38:08'),(507,'标题56','内容56','2020-11-23 00:38:08'),(508,'标题27','内容27','2020-11-23 00:38:08'),(509,'标题57','内容57','2020-11-23 00:38:08'),(510,'标题28','内容28','2020-11-23 00:38:08'),(511,'标题58','内容58','2020-11-23 00:38:08'),(512,'标题29','内容29','2020-11-23 00:38:08'),(513,'标题59','内容59','2020-11-23 00:38:08'),(514,'标题30','内容30','2020-11-23 00:38:08'),(515,'标题60','内容60','2020-11-23 00:38:08'),(516,'标题31','内容31','2020-11-23 00:38:08'),(517,'标题32','内容32','2020-11-23 00:38:09'),(518,'标题61','内容61','2020-11-23 00:38:09'),(519,'标题33','内容33','2020-11-23 00:38:09'),(520,'标题62','内容62','2020-11-23 00:38:09'),(521,'标题63','内容63','2020-11-23 00:38:09'),(522,'标题34','内容34','2020-11-23 00:38:09'),(523,'标题64','内容64','2020-11-23 00:38:09'),(524,'标题35','内容35','2020-11-23 00:38:09'),(525,'标题65','内容65','2020-11-23 00:38:09'),(526,'标题36','内容36','2020-11-23 00:38:09'),(527,'标题66','内容66','2020-11-23 00:38:09'),(528,'标题37','内容37','2020-11-23 00:38:10'),(529,'标题67','内容67','2020-11-23 00:38:10'),(530,'标题38','内容38','2020-11-23 00:38:10'),(531,'标题68','内容68','2020-11-23 00:38:10'),(532,'标题39','内容39','2020-11-23 00:38:10'),(533,'标题69','内容69','2020-11-23 00:38:10'),(534,'标题40','内容40','2020-11-23 00:38:10'),(535,'标题70','内容70','2020-11-23 00:38:10'),(536,'标题41','内容41','2020-11-23 00:38:11'),(537,'标题71','内容71','2020-11-23 00:38:11'),(538,'标题42','内容42','2020-11-23 00:38:11'),(539,'标题72','内容72','2020-11-23 00:38:11'),(540,'标题73','内容73','2020-11-23 00:38:11'),(541,'标题43','内容43','2020-11-23 00:38:11'),(542,'标题74','内容74','2020-11-23 00:38:11'),(543,'标题44','内容44','2020-11-23 00:38:11'),(544,'标题75','内容75','2020-11-23 00:38:11'),(545,'标题45','内容45','2020-11-23 00:38:11'),(546,'标题76','内容76','2020-11-23 00:38:11'),(547,'标题46','内容46','2020-11-23 00:38:12'),(548,'标题77','内容77','2020-11-23 00:38:12'),(549,'标题47','内容47','2020-11-23 00:38:12'),(550,'标题78','内容78','2020-11-23 00:38:12'),(551,'标题48','内容48','2020-11-23 00:38:12'),(552,'标题79','内容79','2020-11-23 00:38:12'),(553,'标题49','内容49','2020-11-23 00:38:12'),(554,'标题80','内容80','2020-11-23 00:38:12'),(555,'标题50','内容50','2020-11-23 00:38:12'),(556,'标题81','内容81','2020-11-23 00:38:13'),(557,'标题51','内容51','2020-11-23 00:38:13'),(558,'标题82','内容82','2020-11-23 00:38:13'),(559,'标题52','内容52','2020-11-23 00:38:13'),(560,'标题83','内容83','2020-11-23 00:38:13'),(561,'标题53','内容53','2020-11-23 00:38:13'),(562,'标题84','内容84','2020-11-23 00:38:13'),(563,'标题54','内容54','2020-11-23 00:38:13'),(564,'标题85','内容85','2020-11-23 00:38:13'),(565,'标题55','内容55','2020-11-23 00:38:13'),(566,'标题86','内容86','2020-11-23 00:38:13'),(567,'标题56','内容56','2020-11-23 00:38:13'),(568,'标题87','内容87','2020-11-23 00:38:13'),(569,'标题88','内容88','2020-11-23 00:38:14'),(570,'标题57','内容57','2020-11-23 00:38:14'),(571,'标题58','内容58','2020-11-23 00:38:14'),(572,'标题89','内容89','2020-11-23 00:38:14'),(573,'标题59','内容59','2020-11-23 00:38:14'),(574,'标题90','内容90','2020-11-23 00:38:14'),(575,'标题60','内容60','2020-11-23 00:38:14'),(576,'标题91','内容91','2020-11-23 00:38:14'),(577,'标题61','内容61','2020-11-23 00:38:14'),(578,'标题62','内容62','2020-11-23 00:38:14'),(579,'标题92','内容92','2020-11-23 00:38:14'),(580,'标题63','内容63','2020-11-23 00:38:14'),(581,'标题93','内容93','2020-11-23 00:38:14'),(582,'标题64','内容64','2020-11-23 00:38:15'),(583,'标题94','内容94','2020-11-23 00:38:15'),(584,'标题65','内容65','2020-11-23 00:38:15'),(585,'标题95','内容95','2020-11-23 00:38:15'),(586,'标题66','内容66','2020-11-23 00:38:15'),(587,'标题96','内容96','2020-11-23 00:38:15'),(588,'标题67','内容67','2020-11-23 00:38:15'),(589,'标题97','内容97','2020-11-23 00:38:15'),(590,'标题68','内容68','2020-11-23 00:38:15'),(591,'标题98','内容98','2020-11-23 00:38:15'),(592,'标题69','内容69','2020-11-23 00:38:15'),(593,'标题99','内容99','2020-11-23 00:38:15'),(594,'标题70','内容70','2020-11-23 00:38:16'),(595,'标题71','内容71','2020-11-23 00:38:16'),(596,'标题100','内容100','2020-11-23 00:38:16'),(597,'标题101','内容101','2020-11-23 00:38:16'),(598,'标题72','内容72','2020-11-23 00:38:16'),(599,'标题73','内容73','2020-11-23 00:38:16'),(600,'标题102','内容102','2020-11-23 00:38:16'),(601,'标题103','内容103','2020-11-23 00:38:16'),(602,'标题74','内容74','2020-11-23 00:38:16'),(603,'标题75','内容75','2020-11-23 00:38:16'),(604,'标题104','内容104','2020-11-23 00:38:16'),(605,'标题76','内容76','2020-11-23 00:38:16'),(606,'标题105','内容105','2020-11-23 00:38:17'),(607,'标题106','内容106','2020-11-23 00:38:17'),(608,'标题77','内容77','2020-11-23 00:38:17'),(609,'标题107','内容107','2020-11-23 00:38:17'),(610,'标题78','内容78','2020-11-23 00:38:17'),(611,'标题79','内容79','2020-11-23 00:38:17'),(612,'标题108','内容108','2020-11-23 00:38:17'),(613,'标题80','内容80','2020-11-23 00:38:17'),(614,'标题109','内容109','2020-11-23 00:38:17'),(615,'标题81','内容81','2020-11-23 00:38:17'),(616,'标题110','内容110','2020-11-23 00:38:17'),(617,'标题82','内容82','2020-11-23 00:38:17'),(618,'标题111','内容111','2020-11-23 00:38:17'),(619,'标题83','内容83','2020-11-23 00:38:17'),(620,'标题112','内容112','2020-11-23 00:38:18'),(621,'标题84','内容84','2020-11-23 00:38:18'),(622,'标题113','内容113','2020-11-23 00:38:18'),(623,'标题85','内容85','2020-11-23 00:38:18'),(624,'标题114','内容114','2020-11-23 00:38:18'),(625,'标题86','内容86','2020-11-23 00:38:18'),(626,'标题115','内容115','2020-11-23 00:38:18'),(627,'标题87','内容87','2020-11-23 00:38:18'),(628,'标题116','内容116','2020-11-23 00:38:18'),(629,'标题88','内容88','2020-11-23 00:38:18'),(630,'标题117','内容117','2020-11-23 00:38:18'),(631,'标题89','内容89','2020-11-23 00:38:18'),(632,'标题118','内容118','2020-11-23 00:38:18'),(633,'标题90','内容90','2020-11-23 00:38:18'),(634,'标题119','内容119','2020-11-23 00:38:19'),(635,'标题91','内容91','2020-11-23 00:38:19'),(636,'标题120','内容120','2020-11-23 00:38:19'),(637,'标题92','内容92','2020-11-23 00:38:19'),(638,'标题121','内容121','2020-11-23 00:38:19'),(639,'标题93','内容93','2020-11-23 00:38:19'),(640,'标题122','内容122','2020-11-23 00:38:19'),(641,'标题94','内容94','2020-11-23 00:38:19'),(642,'标题123','内容123','2020-11-23 00:38:19'),(643,'标题95','内容95','2020-11-23 00:38:19'),(644,'标题124','内容124','2020-11-23 00:38:19'),(645,'标题96','内容96','2020-11-23 00:38:19'),(646,'标题125','内容125','2020-11-23 00:38:20'),(647,'标题97','内容97','2020-11-23 00:38:20'),(648,'标题126','内容126','2020-11-23 00:38:20'),(649,'标题98','内容98','2020-11-23 00:38:20'),(650,'标题127','内容127','2020-11-23 00:38:20'),(651,'标题99','内容99','2020-11-23 00:38:20'),(652,'标题128','内容128','2020-11-23 00:38:21'),(653,'标题100','内容100','2020-11-23 00:38:21'),(654,'标题129','内容129','2020-11-23 00:38:21'),(655,'标题101','内容101','2020-11-23 00:38:21'),(656,'标题130','内容130','2020-11-23 00:38:21'),(657,'标题102','内容102','2020-11-23 00:38:21'),(658,'标题131','内容131','2020-11-23 00:38:21'),(659,'标题103','内容103','2020-11-23 00:38:21'),(660,'标题132','内容132','2020-11-23 00:38:22'),(661,'标题104','内容104','2020-11-23 00:38:22'),(662,'标题133','内容133','2020-11-23 00:38:22'),(663,'标题105','内容105','2020-11-23 00:38:22'),(664,'标题134','内容134','2020-11-23 00:38:22'),(665,'标题106','内容106','2020-11-23 00:38:22'),(666,'标题107','内容107','2020-11-23 00:38:22'),(667,'标题135','内容135','2020-11-23 00:38:22'),(668,'标题108','内容108','2020-11-23 00:38:22'),(669,'标题136','内容136','2020-11-23 00:38:22'),(670,'标题109','内容109','2020-11-23 00:38:22'),(671,'标题137','内容137','2020-11-23 00:38:22'),(672,'标题110','内容110','2020-11-23 00:38:23'),(673,'标题138','内容138','2020-11-23 00:38:23'),(674,'标题111','内容111','2020-11-23 00:38:23'),(675,'标题139','内容139','2020-11-23 00:38:23'),(676,'标题112','内容112','2020-11-23 00:38:23'),(677,'标题140','内容140','2020-11-23 00:38:23'),(678,'标题113','内容113','2020-11-23 00:38:23'),(679,'标题141','内容141','2020-11-23 00:38:23'),(680,'标题114','内容114','2020-11-23 00:38:23'),(681,'标题142','内容142','2020-11-23 00:38:23'),(682,'标题115','内容115','2020-11-23 00:38:23'),(683,'标题143','内容143','2020-11-23 00:38:23'),(684,'标题116','内容116','2020-11-23 00:38:24'),(685,'标题144','内容144','2020-11-23 00:38:24'),(686,'标题117','内容117','2020-11-23 00:38:24'),(687,'标题145','内容145','2020-11-23 00:38:24'),(688,'标题118','内容118','2020-11-23 00:38:24'),(689,'标题146','内容146','2020-11-23 00:38:24'),(690,'标题119','内容119','2020-11-23 00:38:24'),(691,'标题147','内容147','2020-11-23 00:38:24'),(692,'标题120','内容120','2020-11-23 00:38:24'),(693,'标题148','内容148','2020-11-23 00:38:24'),(694,'标题121','内容121','2020-11-23 00:38:24'),(695,'标题149','内容149','2020-11-23 00:38:24'),(696,'标题122','内容122','2020-11-23 00:38:24'),(697,'标题150','内容150','2020-11-23 00:38:24'),(698,'标题123','内容123','2020-11-23 00:38:25'),(699,'标题151','内容151','2020-11-23 00:38:25'),(700,'标题124','内容124','2020-11-23 00:38:25'),(701,'标题152','内容152','2020-11-23 00:38:25'),(702,'标题125','内容125','2020-11-23 00:38:25'),(703,'标题153','内容153','2020-11-23 00:38:25'),(704,'标题126','内容126','2020-11-23 00:38:25'),(705,'标题154','内容154','2020-11-23 00:38:25'),(706,'标题127','内容127','2020-11-23 00:38:25'),(707,'标题155','内容155','2020-11-23 00:38:25'),(708,'标题128','内容128','2020-11-23 00:38:25'),(709,'标题156','内容156','2020-11-23 00:38:25'),(710,'标题129','内容129','2020-11-23 00:38:25'),(711,'标题157','内容157','2020-11-23 00:38:26'),(712,'标题130','内容130','2020-11-23 00:38:26'),(713,'标题158','内容158','2020-11-23 00:38:26'),(714,'标题131','内容131','2020-11-23 00:38:26'),(715,'标题159','内容159','2020-11-23 00:38:26'),(716,'标题132','内容132','2020-11-23 00:38:26'),(717,'标题160','内容160','2020-11-23 00:38:26'),(718,'标题133','内容133','2020-11-23 00:38:26'),(719,'标题161','内容161','2020-11-23 00:38:26'),(721,'标题162','内容162','2020-11-23 00:38:26'),(722,'标题135','内容135','2020-11-23 00:38:27'),(723,'标题163','内容163','2020-11-23 00:38:27'),(724,'标题136','内容136','2020-11-23 00:38:27'),(725,'标题164','内容164','2020-11-23 00:38:27'),(726,'标题137','内容137','2020-11-23 00:38:27'),(727,'标题165','内容165','2020-11-23 00:38:27'),(728,'标题138','内容138','2020-11-23 00:38:27'),(729,'标题166','内容166','2020-11-23 00:38:27'),(730,'标题139','内容139','2020-11-23 00:38:27'),(731,'标题167','内容167','2020-11-23 00:38:27'),(732,'标题140','内容140','2020-11-23 00:38:27'),(733,'标题168','内容168','2020-11-23 00:38:28'),(734,'标题141','内容141','2020-11-23 00:38:28'),(735,'标题169','内容169','2020-11-23 00:38:28'),(736,'标题142','内容142','2020-11-23 00:38:28'),(737,'标题170','内容170','2020-11-23 00:38:28'),(738,'标题143','内容143','2020-11-23 00:38:28'),(739,'标题171','内容171','2020-11-23 00:38:28'),(740,'标题144','内容144','2020-11-23 00:38:28'),(741,'标题172','内容172','2020-11-23 00:38:28'),(742,'标题145','内容145','2020-11-23 00:38:28'),(743,'标题173','内容173','2020-11-23 00:38:28'),(744,'标题146','内容146','2020-11-23 00:38:29'),(745,'标题174','内容174','2020-11-23 00:38:29'),(746,'标题147','内容147','2020-11-23 00:38:29'),(747,'标题175','内容175','2020-11-23 00:38:29'),(748,'标题148','内容148','2020-11-23 00:38:29'),(749,'标题176','内容176','2020-11-23 00:38:29'),(750,'标题149','内容149','2020-11-23 00:38:29'),(751,'标题177','内容177','2020-11-23 00:38:29'),(752,'标题150','内容150','2020-11-23 00:38:29'),(753,'标题178','内容178','2020-11-23 00:38:29'),(754,'标题151','内容151','2020-11-23 00:38:29'),(755,'标题179','内容179','2020-11-23 00:38:29'),(756,'标题152','内容152','2020-11-23 00:38:30'),(757,'标题180','内容180','2020-11-23 00:38:30'),(758,'标题153','内容153','2020-11-23 00:38:30'),(759,'标题181','内容181','2020-11-23 00:38:30'),(760,'标题154','内容154','2020-11-23 00:38:30'),(761,'标题182','内容182','2020-11-23 00:38:30'),(762,'标题155','内容155','2020-11-23 00:38:30'),(763,'标题183','内容183','2020-11-23 00:38:30'),(764,'标题156','内容156','2020-11-23 00:38:30'),(765,'标题184','内容184','2020-11-23 00:38:30'),(766,'标题185','内容185','2020-11-23 00:38:30'),(767,'标题157','内容157','2020-11-23 00:38:30'),(768,'标题186','内容186','2020-11-23 00:38:31'),(769,'标题158','内容158','2020-11-23 00:38:31'),(770,'标题187','内容187','2020-11-23 00:38:31'),(771,'标题159','内容159','2020-11-23 00:38:31'),(772,'标题188','内容188','2020-11-23 00:38:31'),(773,'标题160','内容160','2020-11-23 00:38:31'),(774,'标题189','内容189','2020-11-23 00:38:31'),(775,'标题161','内容161','2020-11-23 00:38:31'),(776,'标题190','内容190','2020-11-23 00:38:31'),(777,'标题162','内容162','2020-11-23 00:38:31'),(778,'标题191','内容191','2020-11-23 00:38:31'),(779,'标题0','内容0','2020-11-23 00:41:01'),(780,'标题1','内容1','2020-11-23 00:41:03'),(781,'标题2','内容2','2020-11-23 00:41:04'),(782,'标题3','内容3','2020-11-23 00:41:04'),(783,'标题0','内容0','2020-11-23 00:41:05'),(784,'标题4','内容4','2020-11-23 00:41:05'),(785,'标题5','内容5','2020-11-23 00:41:05'),(786,'标题6','内容6','2020-11-23 00:41:06'),(787,'标题7','内容7','2020-11-23 00:41:06'),(788,'标题8','内容8','2020-11-23 00:41:06'),(789,'标题9','内容9','2020-11-23 00:41:06'),(790,'标题10','内容10','2020-11-23 00:41:07'),(791,'标题1','内容1','2020-11-23 00:41:07'),(792,'标题11','内容11','2020-11-23 00:41:07'),(793,'标题2','内容2','2020-11-23 00:41:08'),(794,'标题12','内容12','2020-11-23 00:41:08'),(795,'标题3','内容3','2020-11-23 00:41:09'),(796,'标题13','内容13','2020-11-23 00:41:09'),(797,'标题4','内容4','2020-11-23 00:41:09'),(798,'标题14','内容14','2020-11-23 00:41:09'),(799,'标题5','内容5','2020-11-23 00:41:10'),(800,'标题15','内容15','2020-11-23 00:41:10'),(801,'标题16','内容16','2020-11-23 00:41:11'),(802,'标题6','内容6','2020-11-23 00:41:11'),(803,'标题17','内容17','2020-11-23 00:41:11'),(804,'标题7','内容7','2020-11-23 00:41:11'),(805,'标题18','内容18','2020-11-23 00:41:12'),(806,'标题8','内容8','2020-11-23 00:41:12'),(807,'标题19','内容19','2020-11-23 00:41:12'),(808,'标题9','内容9','2020-11-23 00:41:13'),(809,'标题20','内容20','2020-11-23 00:41:13'),(810,'标题21','内容21','2020-11-23 00:41:14'),(811,'标题10','内容10','2020-11-23 00:41:14'),(812,'标题22','内容22','2020-11-23 00:41:16'),(813,'标题11','内容11','2020-11-23 00:41:16'),(814,'标题23','内容23','2020-11-23 00:41:16'),(815,'标题24','内容24','2020-11-23 00:41:16'),(816,'标题12','内容12','2020-11-23 00:41:16'),(818,'标题13','内容13','2020-11-23 00:41:17'),(819,'标题26','内容26','2020-11-23 00:41:17'),(820,'标题14','内容14','2020-11-23 00:41:17'),(821,'标题27','内容27','2020-11-23 00:41:17'),(822,'dd','sadd','2020-11-23 03:29:40'),(823,'dd23d','saddsda','2020-11-23 03:29:56'),(824,'标题13','ddasda','2020-11-23 03:31:07'),(825,'标题13','ddasdadasd','2020-11-23 03:31:11'),(826,'dddddddddddddddddddddddddddddd','哈哈哈哈','2020-11-23 03:31:17'),(827,'标题14d1111111111111111111111111','李贤劭人上人李贤劭人上人李贤劭人上人李贤劭人上人李贤劭人上人李贤劭人上人李贤劭人上人李贤劭人上人李贤劭人上人李贤劭人上人李贤劭人上人李贤劭人上人李贤劭人上人李贤劭人上人李贤劭人上人李贤劭人上人111111111111111111111111111111111111111111111111111111111111111111','2020-11-23 03:31:24'),(838,'dsadasssssd2qweqe1211113213212','asda                ','2020-11-25 07:27:05'),(840,'2020-11-25IBM422','希望今天是最后一晚！！','2020-11-25 12:19:10'),(841,'sss','sssss','2020-11-25 12:37:15'),(842,'sssssssssssssss','1111111111111111','2020-11-25 12:40:19'),(843,'重要通知','本馆逾期归还图书的用户，请在下一次还书前到前台进行登记信息，提交罚款和归还图书，谢谢配合','2020-11-25 12:40:39'),(844,'新消息','本月x日x时到x时本系统维修','2020-11-25 12:41:03'),(845,'休馆通知','本馆于xxxx年x月x日闭馆整改。。。。。','2020-11-25 12:41:45'),(848,'公告一','新书上架，欢迎读者前来借阅','2020-11-26 03:57:47');
/*!40000 ALTER TABLE `lib_notice` ENABLE KEYS */;
UNLOCK TABLES;

--
-- Table structure for table `lib_punishment`
--

DROP TABLE IF EXISTS `lib_punishment`;
/*!40101 SET @saved_cs_client     = @@character_set_client */;
/*!40101 SET character_set_client = utf8 */;
CREATE TABLE `lib_punishment` (
  `id` int(11) NOT NULL AUTO_INCREMENT,
  `user_id` int(11) NOT NULL,
  `fine` int(11) NOT NULL DEFAULT '0',
  `reason` varchar(512) NOT NULL DEFAULT '',
  PRIMARY KEY (`id`),
  KEY `user_id` (`user_id`),
  CONSTRAINT `lib_punishment_ibfk_1` FOREIGN KEY (`user_id`) REFERENCES `lib_user` (`id`) ON DELETE CASCADE
) ENGINE=InnoDB AUTO_INCREMENT=2 DEFAULT CHARSET=utf8mb4;
/*!40101 SET character_set_client = @saved_cs_client */;

--
-- Dumping data for table `lib_punishment`
--

LOCK TABLES `lib_punishment` WRITE;
/*!40000 ALTER TABLE `lib_punishment` DISABLE KEYS */;
INSERT INTO `lib_punishment` VALUES (1,46,30,'修道院纪事未归还');
/*!40000 ALTER TABLE `lib_punishment` ENABLE KEYS */;
UNLOCK TABLES;

--
-- Table structure for table `lib_role`
--

DROP TABLE IF EXISTS `lib_role`;
/*!40101 SET @saved_cs_client     = @@character_set_client */;
/*!40101 SET character_set_client = utf8 */;
CREATE TABLE `lib_role` (
  `id` int(11) NOT NULL AUTO_INCREMENT,
  `role_name` varchar(64) NOT NULL DEFAULT '',
  PRIMARY KEY (`id`)
) ENGINE=InnoDB AUTO_INCREMENT=3 DEFAULT CHARSET=utf8mb4;
/*!40101 SET character_set_client = @saved_cs_client */;

--
-- Dumping data for table `lib_role`
--

LOCK TABLES `lib_role` WRITE;
/*!40000 ALTER TABLE `lib_role` DISABLE KEYS */;
INSERT INTO `lib_role` VALUES (1,'admin'),(2,'user');
/*!40000 ALTER TABLE `lib_role` ENABLE KEYS */;
UNLOCK TABLES;

--
-- Table structure for table `lib_theme`
--

DROP TABLE IF EXISTS `lib_theme`;
/*!40101 SET @saved_cs_client     = @@character_set_client */;
/*!40101 SET character_set_client = utf8 */;
CREATE TABLE `lib_theme` (
  `id` int(11) NOT NULL AUTO_INCREMENT,
  `theme_name` varchar(128) NOT NULL DEFAULT '',
  PRIMARY KEY (`id`),
  UNIQUE KEY `theme_name` (`theme_name`)
) ENGINE=InnoDB AUTO_INCREMENT=275 DEFAULT CHARSET=utf8mb4;
/*!40101 SET character_set_client = @saved_cs_client */;

--
-- Dumping data for table `lib_theme`
--

LOCK TABLES `lib_theme` WRITE;
/*!40000 ALTER TABLE `lib_theme` DISABLE KEYS */;
INSERT INTO `lib_theme` VALUES (111,'人生文学'),(2,'历史文学'),(201,'叙事文学'),(140,'哲学文学'),(5,'外国文学'),(132,'学术文学'),(149,'富家子弟'),(130,'寓言文学'),(116,'戏剧文学'),(114,'战争文学'),(197,'推理文学'),(204,'爱情文学'),(117,'生活文学'),(203,'社会文学'),(1,'红色经典'),(119,'纪传文学'),(113,'艺术文学');
/*!40000 ALTER TABLE `lib_theme` ENABLE KEYS */;
UNLOCK TABLES;

--
-- Table structure for table `lib_type`
--

DROP TABLE IF EXISTS `lib_type`;
/*!40101 SET @saved_cs_client     = @@character_set_client */;
/*!40101 SET character_set_client = utf8 */;
CREATE TABLE `lib_type` (
  `id` int(11) NOT NULL AUTO_INCREMENT,
  `type_name` varchar(128) NOT NULL DEFAULT '',
  PRIMARY KEY (`id`),
  UNIQUE KEY `type_name` (`type_name`)
) ENGINE=InnoDB AUTO_INCREMENT=285 DEFAULT CHARSET=utf8mb4;
/*!40101 SET character_set_client = @saved_cs_client */;

--
-- Dumping data for table `lib_type`
--

LOCK TABLES `lib_type` WRITE;
/*!40000 ALTER TABLE `lib_type` DISABLE KEYS */;
INSERT INTO `lib_type` VALUES (149,'事实'),(207,'传记'),(1,'历史'),(119,'史书'),(214,'名著'),(120,'小说'),(116,'戏剧'),(114,'战争'),(5,'政治类'),(113,'散文'),(284,'文学'),(2,'文学类'),(111,'生活类'),(140,'讲稿'),(137,'论文');
/*!40000 ALTER TABLE `lib_type` ENABLE KEYS */;
UNLOCK TABLES;

--
-- Table structure for table `lib_user`
--

DROP TABLE IF EXISTS `lib_user`;
/*!40101 SET @saved_cs_client     = @@character_set_client */;
/*!40101 SET character_set_client = utf8 */;
CREATE TABLE `lib_user` (
  `id` int(11) NOT NULL AUTO_INCREMENT,
  `username` varchar(32) NOT NULL DEFAULT '',
  `pwd_hash` varchar(128) NOT NULL DEFAULT '',
  `pwd_salt` varchar(16) NOT NULL DEFAULT '',
  `borrow_count` int(11) NOT NULL DEFAULT '0',
  `register_time` timestamp NOT NULL DEFAULT CURRENT_TIMESTAMP,
  `credit` int(11) NOT NULL DEFAULT '60',
  `status` tinyint(2) NOT NULL DEFAULT '1',
  PRIMARY KEY (`id`),
  UNIQUE KEY `username` (`username`)
) ENGINE=InnoDB AUTO_INCREMENT=60 DEFAULT CHARSET=utf8mb4;
/*!40101 SET character_set_client = @saved_cs_client */;

--
-- Dumping data for table `lib_user`
--

LOCK TABLES `lib_user` WRITE;
/*!40000 ALTER TABLE `lib_user` DISABLE KEYS */;
INSERT INTO `lib_user` VALUES (1,'xiaoxian123','a3c5a02567a47510da577770b60c01a5','CQi9bpV1',0,'2020-11-22 16:00:00',90,1),(46,'a65469340','25eb05f4449e6e64e76687e310ae8d75','HPQRTdZK',2,'2020-11-25 11:56:57',70,1),(47,'lsr1234','bd64d968979411bc51aea05fef7ec8bd','0C9%%W7t',1,'2020-11-25 11:59:23',100,1),(48,'xiaoxian3','e48d377de8df5926a97293853711d541','Htt!5IU^',3,'2020-11-25 12:44:32',100,1),(49,'weiwen1','bcd0bdd3899dcce5806428b5c2b036a3','F#xCjAPj',0,'2020-11-26 00:54:04',100,0),(50,'4321ab','3fcad48eaabc0876abd85632bc46afe8','RQWd0l2T',3,'2020-11-26 00:56:37',100,1),(51,'weiwen2','dc4a41899925c2931d61f2c3e9e5921a','4kFSFoV*',0,'2020-11-26 00:57:31',100,0),(53,'weiwen5','3f4e968c2b3b363c9f47cd0047d99365','Epz0N@!O',0,'2020-11-26 01:02:27',100,0),(54,'weiwen123','5c7780247b8798f426ca857440a23504','M*#F#Gq$',3,'2020-11-26 01:05:17',100,1),(55,'ibm2','2137ac7664f33b8d149fc32a31e41ef7','wvq9LFlt',3,'2020-11-26 01:10:00',100,1),(56,'Test123456','3cb8cf19f63882ab2b42538542414495','*MAQG9S6',0,'2020-11-26 02:51:52',100,1),(57,'ldc111','8de7e5cdea1df667e6069f6a9af6d2e4',')QQ@2OAB',1,'2020-11-26 06:36:38',100,1),(58,'lrd111','a408736e7b55ce914c0bb9ba56ead9b0','1quIO$Gr',2,'2020-11-26 06:42:37',100,1),(59,'labixiaoxian1','f6a6cef52f6bb010b19664d59b94a299','btIsJwVr',0,'2020-11-26 09:34:47',100,0);
/*!40000 ALTER TABLE `lib_user` ENABLE KEYS */;
UNLOCK TABLES;

--
-- Table structure for table `lib_user_info`
--

DROP TABLE IF EXISTS `lib_user_info`;
/*!40101 SET @saved_cs_client     = @@character_set_client */;
/*!40101 SET character_set_client = utf8 */;
CREATE TABLE `lib_user_info` (
  `id` int(11) NOT NULL AUTO_INCREMENT,
  `user_id` int(11) NOT NULL,
  `age` int(11) NOT NULL DEFAULT '0',
  `sex` int(1) NOT NULL DEFAULT '0',
  `birthday` timestamp NOT NULL DEFAULT CURRENT_TIMESTAMP,
  `nickname` varchar(32) NOT NULL DEFAULT '',
  `email` varchar(128) NOT NULL DEFAULT '',
  `telephone` varchar(11) NOT NULL DEFAULT '',
  `address` varchar(256) NOT NULL DEFAULT '',
  `personal_desc` varchar(512) NOT NULL DEFAULT '',
  `picture` varchar(512) NOT NULL DEFAULT '',
  PRIMARY KEY (`id`),
  KEY `user_id` (`user_id`),
  CONSTRAINT `lib_user_info_ibfk_1` FOREIGN KEY (`user_id`) REFERENCES `lib_user` (`id`) ON DELETE CASCADE
) ENGINE=InnoDB AUTO_INCREMENT=41 DEFAULT CHARSET=utf8mb4;
/*!40101 SET character_set_client = @saved_cs_client */;

--
-- Dumping data for table `lib_user_info`
--

LOCK TABLES `lib_user_info` WRITE;
/*!40000 ALTER TABLE `lib_user_info` DISABLE KEYS */;
INSERT INTO `lib_user_info` VALUES (2,1,100,0,'2020-11-22 16:00:00','帅哥贤','869160919@qq.com','342234','东方闪电','地方',''),(27,46,22,1,'1998-09-08 16:00:00','李达成','1311147196@qq.com','18218222119','广东省江门市蓬江区五邑大学','迷人又帅气的大帅哥',''),(28,47,18,1,'1997-12-01 16:00:00','梁顺如','13422765955@163.com','','','',''),(29,48,22,2,'1997-12-01 16:00:00','贤哈哈','869160919@qq.com','15815907147','广东江门','不要脸',''),(30,49,18,1,'1997-12-01 16:00:00','黄大锤','weiwen@chacuo.net','','','',''),(31,50,18,1,'1997-12-01 16:00:00','耀渠','1726165004@qq.com','','','',''),(32,51,18,1,'1997-12-01 16:00:00','黄大锤','weiwen2@chacuo.net','','','',''),(34,53,18,1,'1997-12-01 16:00:00','黄大锤','weiwen@chacuo.net','','','',''),(35,54,18,1,'1997-12-01 16:00:00','黄伟文','455407496@qq.com','','','',''),(36,55,18,1,'1997-12-01 16:00:00','ibm2','1033662327@qq.com','','','',''),(37,56,18,1,'1997-12-01 16:00:00','郑浩明','342946745@qq.com','','','',''),(38,57,18,1,'1997-12-01 16:00:00','ldc','13422765955@163.com','','','',''),(39,58,18,1,'1997-12-01 16:00:00','lrd','13422765955@163.com','','','',''),(40,59,18,1,'1997-12-01 16:00:00','蜡笔小贤','869160919@qq.com','','','','');
/*!40000 ALTER TABLE `lib_user_info` ENABLE KEYS */;
UNLOCK TABLES;

--
-- Table structure for table `lib_user_role`
--

DROP TABLE IF EXISTS `lib_user_role`;
/*!40101 SET @saved_cs_client     = @@character_set_client */;
/*!40101 SET character_set_client = utf8 */;
CREATE TABLE `lib_user_role` (
  `id` int(11) NOT NULL AUTO_INCREMENT,
  `user_id` int(11) NOT NULL,
  `role_id` int(11) NOT NULL,
  PRIMARY KEY (`id`),
  KEY `user_id` (`user_id`),
  KEY `role_id` (`role_id`),
  CONSTRAINT `lib_user_role_ibfk_1` FOREIGN KEY (`user_id`) REFERENCES `lib_user` (`id`) ON DELETE CASCADE,
  CONSTRAINT `lib_user_role_ibfk_2` FOREIGN KEY (`role_id`) REFERENCES `lib_role` (`id`) ON DELETE CASCADE
) ENGINE=InnoDB AUTO_INCREMENT=41 DEFAULT CHARSET=utf8mb4;
/*!40101 SET character_set_client = @saved_cs_client */;

--
-- Dumping data for table `lib_user_role`
--

LOCK TABLES `lib_user_role` WRITE;
/*!40000 ALTER TABLE `lib_user_role` DISABLE KEYS */;
INSERT INTO `lib_user_role` VALUES (2,1,1),(27,46,2),(28,47,2),(29,48,2),(30,49,2),(31,50,2),(32,51,2),(34,53,2),(35,54,2),(36,55,2),(37,56,2),(38,57,2),(39,58,2),(40,59,2);
/*!40000 ALTER TABLE `lib_user_role` ENABLE KEYS */;
UNLOCK TABLES;
/*!40103 SET TIME_ZONE=@OLD_TIME_ZONE */;

/*!40101 SET SQL_MODE=@OLD_SQL_MODE */;
/*!40014 SET FOREIGN_KEY_CHECKS=@OLD_FOREIGN_KEY_CHECKS */;
/*!40014 SET UNIQUE_CHECKS=@OLD_UNIQUE_CHECKS */;
/*!40101 SET CHARACTER_SET_CLIENT=@OLD_CHARACTER_SET_CLIENT */;
/*!40101 SET CHARACTER_SET_RESULTS=@OLD_CHARACTER_SET_RESULTS */;
/*!40101 SET COLLATION_CONNECTION=@OLD_COLLATION_CONNECTION */;
/*!40111 SET SQL_NOTES=@OLD_SQL_NOTES */;

-- Dump completed on 2020-11-26 17:48:02
